Date,housing market_mean,Unemployment_mean,Good time to buy_mean,Uncertain - depends_mean,Bad time to buy_mean,Relative_mean,Value_3mon_mean,Value_10yr_mean,Yield spread_mean,USREC,housing market_std,Unemployment_std,Good time to buy_std,Uncertain - depends_std,Bad time to buy_std,Relative_std,Value_3mon_std,Value_10yr_std,Yield spread_std,housing market_split,Unemployment_split,Good time to buy_split,Uncertain - depends_split,Bad time to buy_split,Relative_split,Value_3mon_split,Value_10yr_split,Yield spread_split
1962-04-30,109.26017548954279,5.566666666666666,,,,,2.728486531986532,3.937632996632997,1.2091464646464645,0.0,0.20910958584727607,0.05773502691896237,,,,,0.004877596560045267,0.09841876121585102,0.09659696396154031,0.362188427037168,0.09999999999999964,,,,,0.009595959595959602,0.19644444444444442,0.19316666666666715
1962-07-31,109.56299615432442,5.466666666666666,,,,,2.7783333333333338,3.9323232323232324,1.153989898989899,0.0,0.1847592838826696,0.05773502691896237,,,,,0.12618980233422963,0.07315651433425402,0.053493061458192596,0.3621215188026383,0.09999999999999964,,,,,0.23690476190476195,0.14064935064935025,0.09625541125541126
1962-10-31,108.96543449634078,5.566666666666666,,,,,2.780065529436239,3.96001802926288,1.1799524998266417,0.0,0.3616156693888139,0.15275252316519494,,,,,0.041007470449725025,0.029978165161300353,0.025527440244848085,0.7094748394419241,0.2999999999999998,,,,,0.08167984189723265,0.05349282296650726,0.05054919908466826
1963-01-31,108.80666192742736,5.633333333333333,,,,,2.868236044657097,3.871308612440192,1.003072567783094,0.0,0.06730666666439535,0.11547005383792526,,,,,0.03887601040144518,0.04149760565567538,0.08000237143118373,0.11657856635083874,0.20000000000000018,,,,,0.07765550239234464,0.08215311004784631,0.1598086124401915
1963-04-30,109.1886319185965,5.766666666666667,,,,,2.9038624338624337,3.9402116402116403,1.0363492063492066,0.0,0.35133009860422826,0.11547005383792565,,,,,0.015126353967897828,0.02688231649466332,0.03667078929616803,0.6887691034890793,0.20000000000000018,,,,,0.02825396825396842,0.049841269841269575,0.0733333333333337
1963-07-31,109.06117017537412,5.7,,,,,3.0299545454545456,3.9811515151515153,0.9511969696969697,0.0,0.24995592640624642,0.1732050807568882,,,,,0.1307087561168716,0.04637667671632668,0.0927569062868737,0.4814389134945998,0.3000000000000007,,,,,0.25136363636363646,0.09045454545454534,0.160909090909091
1963-10-31,108.74150536333296,5.466666666666666,,,,,3.3827793148880105,4.061953227931489,0.6791739130434783,0.0,0.2040583013876609,0.05773502691896237,,,,,0.06387814068008002,0.053624855617095256,0.022250634535672713,0.3534393457096314,0.09999999999999964,,,,,0.12729249011857657,0.10381422924901162,0.04447826086956508
1964-01-31,109.26652165446194,5.6000000000000005,,,,,3.520547067311773,4.139051438757321,0.618504371445548,0.0,0.06084275991329226,0.09999999999999987,,,,,0.0022890138980597914,0.024286351796788695,0.022058288959552853,0.10538275144254783,0.20000000000000018,,,,,0.00413419913419899,0.04505347593582876,0.041283422459892916
1964-04-30,109.53103360184018,5.366666666666667,,,,,3.5152429052429053,4.199117364117364,0.6838744588744589,0.0,0.19865268607739608,0.05773502691896301,,,,,0.038574079336436404,0.04682183495177245,0.07329602323443166,0.3440765453460841,0.10000000000000053,,,,,0.07244588744588754,0.0867171717171713,0.145909090909091
1964-07-31,108.79677364339516,5.066666666666666,,,,,3.4703030303030302,4.185303030303031,0.7150000000000002,0.0,0.07292412059726167,0.1527525231651948,,,,,0.008532065591091957,0.015009179927419578,0.017715613881732012,0.13018115809983044,0.2999999999999998,,,,,0.015000000000001013,0.02999999999999936,0.03090909090909122
1964-10-31,109.47570512261085,5.066666666666666,,,,,3.533492063492064,4.195238095238095,0.6617460317460319,0.0,0.12881395375803784,0.05773502691896237,,,,,0.03764415477216856,0.007953949089756772,0.04142127284733375,0.22790922296240979,0.09999999999999964,,,,,0.07523809523809533,0.015714285714285126,0.08095238095238089
1965-01-31,109.84092305453972,4.8999999999999995,,,,,3.761777777777778,4.173941077441078,0.41216329966329984,0.0,0.3934851281917847,0.09999999999999987,,,,,0.10352687967293717,0.018991766196976557,0.08635886015698,0.6815362340509239,0.20000000000000018,,,,,0.19166666666666687,0.03672222222222299,0.16489898989898988
1965-04-30,109.64231135549308,4.866666666666666,,,,,3.9289291465378415,4.208451805843111,0.27952265930526804,0.0,0.6343275778206385,0.20816659994661335,,,,,0.0020209660550095177,0.004034531189656794,0.002066940798884451,1.2668470762453978,0.39999999999999947,,,,,0.003888888888889941,0.0073015873015878086,0.003726708074534235
1965-07-31,108.53077592569156,4.533333333333333,,,,,3.843261183261184,4.209814574314574,0.36655339105339113,0.0,0.35160551398366735,0.11547005383792475,,,,,0.04328853532727094,0.0044558086028833425,0.04364406037892456,0.6893390354082811,0.1999999999999993,,,,,0.085454545454545,0.008419913419913883,0.0871363636363639
1965-10-31,108.56008869329128,4.3,,,,,3.930845598845599,4.297416305916306,0.366570707070707,0.0,0.18975841125952428,0.09999999999999976,,,,,0.09183873313820669,0.04898376815065879,0.043022807534684494,0.3286712094650426,0.20000000000000018,,,,,0.1832727272727266,0.09722727272727294,0.08604545454545437
1966-01-31,109.44330954482037,4.033333333333333,,,,,4.3524295587453485,4.558927622085517,0.2064980633401686,0.0,0.19034943917451513,0.05773502691896237,,,,,0.25076248343726953,0.09525809094596882,0.16920085732825427,0.334338529911804,0.09999999999999964,,,,,0.498771929824561,0.16650717703349383,0.3353383458646616
1966-04-30,108.34307715713634,3.7999999999999994,,,,,4.618700228832952,4.818527841342487,0.19982761250953465,0.0,0.4547696128533979,0.0,,,,,0.03253425619626261,0.06284886645125953,0.07926087274739836,0.9003979859918729,0.0,,,,,0.06505720823798633,0.12347826086956548,0.15495652173913038
1966-07-31,107.92427477963844,3.8333333333333335,,,,,4.644729437229437,4.870372294372294,0.22564285714285703,0.0,0.17184031905373714,0.05773502691896247,,,,,0.14912208064976143,0.12910843209438408,0.08689992484907877,0.3379406911628422,0.10000000000000009,,,,,0.29795454545454625,0.23942857142857132,0.1735714285714289
1966-10-31,106.68047612219381,3.733333333333333,,,,,5.2247063492063495,5.139409592822636,-0.08529675638371288,0.0,0.1259058778140595,0.05773502691896237,,,,,0.22948549415093575,0.11274286041343527,0.31192251853272007,0.21807537734551374,0.09999999999999964,,,,,0.40761904761904777,0.21284782608695618,0.5993478260869567
1967-01-31,106.82234590443477,3.766666666666667,,,,,5.00141186299081,4.8590559732665,-0.14235588972431074,0.0,0.24876871326410943,0.15275252316519444,,,,,0.30141265582896665,0.2884491088254428,0.021187774853792533,0.43088005070696056,0.2999999999999998,,,,,0.5994736842105262,0.5762155388471184,0.042305764411027486
1967-04-30,106.28483194963503,3.7999999999999994,,,,,4.219234006734006,4.587328282828284,0.36809427609427603,0.0,0.5923683613899786,0.0,,,,,0.36344833130718845,0.04275960611262261,0.35304960935249013,1.0758944296440518,0.0,,,,,0.723611111111111,0.08484848484848495,0.6904444444444445
1967-07-31,106.14270056889758,3.8333333333333335,,,,,3.781530303030303,5.009818181818182,1.2282878787878788,0.0,0.22082929256586825,0.05773502691896266,,,,,0.3687060250661904,0.15603737102702298,0.26703052698445884,0.42442975054666476,0.10000000000000009,,,,,0.6695909090909087,0.31127272727272803,0.5333181818181818
1967-10-31,106.03859162356922,3.8666666666666667,,,,,4.415923740510697,5.352868184955142,0.9369444444444444,0.0,0.16084388973605757,0.11547005383792519,,,,,0.14617225456814759,0.11170372837587614,0.06729048416573652,0.3161126839670345,0.20000000000000018,,,,,0.29196687370600394,0.20530020703933705,0.13249999999999973
1968-01-31,105.90280856231966,3.8000000000000003,,,,,4.89730303030303,5.660378787878788,0.7630757575757575,0.0,0.3740857740256661,0.0999999999999997,,,,,0.1480991775506687,0.117301373644784,0.24854251317228301,0.726891801560626,0.19999999999999973,,,,,0.26890909090909076,0.2248636363636365,0.49377272727272725
1968-04-30,105.2527760874763,3.6666666666666665,,,,,5.173887218045113,5.647394736842105,0.47350751879699243,0.0,0.4146982146517108,0.15275252316519455,,,,,0.1991521327877129,0.08849379448328483,0.18367824459640833,0.8205685135390866,0.2999999999999998,,,,,0.3980526315789481,0.17631578947368443,0.3232368421052632
1968-07-31,104.34505080576326,3.6333333333333333,,,,,5.497530303030302,5.694333333333333,0.19680303030303023,0.0,0.1185573666517547,0.11547005383792529,,,,,0.17283319917854967,0.18816504829390845,0.015808142930784475,0.2161058801701614,0.20000000000000018,,,,,0.34272727272727366,0.37409090909090814,0.0313636363636364
1968-10-31,104.1342772305158,3.4333333333333336,,,,,5.210707509881423,5.487687747035573,0.27698023715415016,0.0,0.14993671758571595,0.057735026918962824,,,,,0.13303228430429467,0.08454851038609891,0.05204214225913172,0.29713537399891266,0.10000000000000009,,,,,0.264486166007905,0.16215415019762958,0.10233201581027651
1969-01-31,105.48697568775837,3.4,,,,,5.849285714285714,5.923278018278019,0.07399230399230393,0.0,0.4182441411448964,0.0,,,,,0.3564016912598479,0.19679474524851648,0.1713196219821253,0.8037134907613535,0.0,,,,,0.6883333333333344,0.3457070707070695,0.3426262626262627
1969-04-30,105.56734285564183,3.4,,,,,6.08378738512949,6.2194269005847955,0.1356395154553048,0.0,0.27854741740973127,0.0,,,,,0.05838501349415942,0.06677221868762702,0.12465711919548707,0.48490733818650256,0.0,,,,,0.10455263157894734,0.12266666666666737,0.2199761904761904
1969-07-31,105.38343366115612,3.466666666666667,,,,,6.493968253968254,6.539047619047619,0.04507936507936507,0.0,0.20253488565041258,0.05773502691896247,,,,,0.4814029792390745,0.20043207296492235,0.29160021918833984,0.3915311508517618,0.10000000000000009,,,,,0.9580952380952379,0.3961904761904771,0.5619047619047619
1969-10-31,106.0641452488266,3.6333333333333333,,,,,7.0235137085137085,6.982135642135642,-0.041378066378066396,1.0,0.3867978289416429,0.11547005383792529,,,,,0.0581833897330348,0.2537896143834655,0.21615654572933762,0.7654973894116637,0.20000000000000018,,,,,0.10809523809523647,0.4680952380952368,0.38729437229437197
1970-01-31,106.63225643319929,3.6333333333333333,,,,,7.642181478652066,7.530990153637212,-0.1111913250148544,1.0,0.46243008290477355,0.23094010767585024,,,,,0.3482089807440079,0.34234461367962465,0.046561607103590565,0.843806765967841,0.3999999999999999,,,,,0.6269187675070027,0.6506442577030809,0.0898484848484849
1970-04-30,107.2165768916339,4.3999999999999995,,,,,6.755565175565176,7.234033189033188,0.47846801346801354,1.0,0.2187423301012345,0.1999999999999994,,,,,0.32729977172225583,0.15906957234386884,0.38479996623203533,0.3815298535117506,0.39999999999999947,,,,,0.6150505050505055,0.3180519480519477,0.7676262626262624
1970-07-31,107.53769511790038,4.8999999999999995,,,,,6.654819624819624,7.735093795093795,1.0802741702741703,1.0,0.14141731920104011,0.10000000000000053,,,,,0.19494252174193893,0.24274339818956386,0.07979108153541181,0.27964064036315506,0.20000000000000018,,,,,0.3880952380952376,0.44891774891774894,0.15818181818181842
1970-10-31,108.7597831819587,5.333333333333333,,,,,6.147460317460317,7.414444444444444,1.2669841269841269,1.0,0.303256576791276,0.2081665999466136,,,,,0.2529079553166201,0.10253513676100066,0.15191695228988142,0.531783714596159,0.40000000000000036,,,,,0.5042857142857136,0.2004761904761896,0.30380952380952375
1971-01-31,109.14390600912198,5.966666666666666,,,,,4.8608922558922565,6.4903249158249166,1.62943265993266,0.0,0.18004833827218966,0.11547005383792475,,,,,0.4236295366488591,0.31325714506312874,0.1516459558553619,0.3426880835749273,0.1999999999999993,,,,,0.8472222222222214,0.602611111111111,0.2775909090909092
1971-04-30,108.65293585448096,5.933333333333334,,,,,3.6446066252587994,5.883170002300438,2.238563377041638,0.0,0.13942747449990142,0.05773502691896237,,,,,0.24592201638752195,0.2087947535576613,0.23498132173059091,0.2720166548185574,0.09999999999999964,,,,,0.4840372670807458,0.40874396135265645,0.44484126984126937
1971-07-31,109.05874403711134,5.933333333333334,,,,,4.765704184704185,6.5480988455988465,1.782394660894661,0.0,0.1701702680302148,0.05773502691896237,,,,,0.6288249491174963,0.16998971538693528,0.46038040190456914,0.330317100564983,0.09999999999999964,,,,,1.2574761904761909,0.33702380952380917,0.9204523809523812
1971-10-31,109.38617348334645,5.966666666666666,,,,,4.695644414065467,6.216013518645098,1.5203691045796308,0.0,0.17770299792594893,0.15275252316519472,,,,,0.2374988783431416,0.33508181785047625,0.11021819516951124,0.33959187154744086,0.2999999999999998,,,,,0.4749282296650721,0.6569377990430612,0.19870129870129882
1972-01-31,110.32150896577417,5.933333333333334,,,,,3.8704437229437225,5.894660894660895,2.0242171717171717,0.0,0.18300264239850722,0.11547005383792538,,,,,0.43367439431045735,0.07408473824274771,0.494247152294548,0.3449137145561707,0.20000000000000018,,,,,0.8332142857142855,0.1376190476190473,0.9708333333333332
1972-04-30,109.91536185303949,5.733333333333333,,,,,3.544015151515152,6.114712121212121,2.5706969696969697,0.0,0.23490663082647512,0.05773502691896237,,,,,0.3007643305095987,0.0693743041560414,0.2814911641279236,0.4455961398392816,0.09999999999999964,,,,,0.5325454545454553,0.1258636363636363,0.5449090909090906
1972-07-31,110.28137190320588,5.666666666666667,,,,,3.8614545454545457,6.11539393939394,2.253939393939394,0.0,0.49705469128319524,0.05773502691896301,,,,,0.15439787070856537,0.009990215598949663,0.1630420605200467,0.9899761108574268,0.10000000000000053,,,,,0.29527272727272713,0.019545454545454533,0.3086363636363636
1972-10-31,110.52650185983468,5.566666666666666,,,,,4.472586956521739,6.413144927536233,1.940557971014493,0.0,0.48308177496494986,0.05773502691896237,,,,,0.395410808485199,0.1790071287474527,0.2302085993449211,0.954519001218884,0.09999999999999964,,,,,0.7207391304347821,0.3390652173913047,0.45167391304347837
1973-01-31,109.54452198880831,5.133333333333334,,,,,5.085742424242425,6.367848484848484,1.2821060606060606,0.0,0.354217385737038,0.20816659994661316,,,,,0.3144093581469195,0.09237817903288967,0.222159928309667,0.682019207730832,0.39999999999999947,,,,,0.6282272727272717,0.18404545454545485,0.4441818181818178
1973-04-30,107.52550061563818,4.966666666666667,,,,,5.98536026936027,6.671048821548822,0.6856885521885521,0.0,0.8310455926015775,0.05773502691896237,,,,,0.3447742424702356,0.03683387602952155,0.3211186776577032,1.6588406252754453,0.09999999999999964,,,,,0.663555555555555,0.07353535353535356,0.630611111111111
1973-07-31,105.81232220416423,4.866666666666667,,,,,7.184314574314574,6.9594083694083695,-0.22490620490620494,0.0,0.4023546212329588,0.05773502691896301,,,,,0.8256713830335316,0.15088257767142363,0.6858243362613103,0.799268458339327,0.10000000000000053,,,,,1.6513419913419911,0.28367965367965464,1.3676623376623378
1973-10-31,104.57250690510266,4.733333333333333,,,,,8.058786822127784,7.096531546256947,-0.9622552758708364,1.0,0.08768581824155973,0.11547005383792538,,,,,0.7538900186356251,0.30529274740119594,0.46818278642853745,0.1608122209144227,0.20000000000000018,,,,,1.455859213250518,0.6104968944099376,0.8453623188405797
1974-01-31,104.30121111362389,4.933333333333334,,,,,7.685219298245614,6.820273524720894,-0.8649457735247209,1.0,0.030955015469863196,0.15275252316519494,,,,,0.20338616902052506,0.1460040212051853,0.21012432915280105,0.058931490873291636,0.2999999999999998,,,,,0.3793421052631567,0.26013636363636294,0.39452631578947395
1974-04-30,103.61905746474616,5.133333333333333,,,,,7.806507936507937,7.226216931216931,-0.5802910052910053,1.0,0.13168097458710087,0.05773502691896327,,,,,0.6203951146338331,0.27797732439560346,0.36039386587059347,0.25278448455047453,0.10000000000000053,,,,,1.2114285714285717,0.5551587301587295,0.6562698412698414
1974-07-31,102.46384961177624,5.333333333333333,,,,,7.891575757575758,7.6388030303030305,-0.2527727272727273,1.0,0.29454627788141496,0.2081665999466136,,,,,0.3396654447026802,0.14534200428426197,0.4646493012374987,0.58780101450958,0.40000000000000036,,,,,0.6790909090909096,0.26949999999999985,0.9081818181818182
1974-10-31,101.6487068641864,5.8,,,,,8.160363636363636,7.99280303030303,-0.16756060606060608,1.0,0.19558052076968416,0.2645751311064592,,,,,0.7534672910469876,0.08319061470295651,0.6862760033359908,0.3893532480117585,0.5,,,,,1.4972727272727289,0.14727272727272922,1.35
1975-01-31,102.47704852006359,7.3,,,,,6.960745550745551,7.538761423761424,0.578015873015873,1.0,1.1910975402368162,0.7549834435270747,,,,,0.6310310804835999,0.1278220037675781,0.578864433612819,2.341058348102962,1.5,,,,,1.218080808080808,0.24730158730158802,1.0383333333333336
1975-04-30,102.97276993215849,8.5,,,,,5.534636363636364,7.782346801346801,2.2477104377104378,0.0,0.19561809969011507,0.3605551275463994,,,,,0.06614678143503903,0.41994378797161275,0.36201082497287934,0.38762058654660336,0.7000000000000011,,,,,0.11790909090909008,0.8345959595959593,0.7236868686868692
1975-07-31,101.7569724449346,8.799999999999999,,,,,5.567720057720057,7.993946608946609,2.4262265512265513,0.0,0.689099894511759,0.2000000000000004,,,,,0.49347330588897603,0.11518005361405054,0.45934219521682945,1.369767003074358,0.40000000000000036,,,,,0.9064935064935069,0.20041125541125382,0.9046536796536795
1975-10-31,101.88947012806274,8.4,,,,,6.272590187590187,8.320670995670996,2.048080808080808,0.0,0.31202600911050504,0.0,,,,,0.2737052830452025,0.15909822552896702,0.11792387636280562,0.6012706669019252,0.0,,,,,0.48508658008657957,0.28893939393939405,0.22519480519480561
1976-01-31,102.17315574933762,8.133333333333333,,,,,5.262545199898141,7.930713436889907,2.6681682369917668,0.0,0.1628495599426285,0.208166599946613,,,,,0.3415828312626847,0.16549710321687042,0.17847522808476177,0.29363206455842317,0.40000000000000036,,,,,0.6073109243697488,0.31056022408963546,0.32017316017315967
1976-04-30,102.90479125968314,7.666666666666667,,,,,4.912882447665056,7.69713710605015,2.784254658385093,0.0,0.6461599757219088,0.05773502691896295,,,,,0.0771730675652178,0.11870397648755746,0.1110969829394195,1.2916381786971556,0.10000000000000053,,,,,0.14420289855072443,0.2284920634920642,0.20404761904761815
1976-07-31,103.90105751755839,7.6000000000000005,,,,,5.280242424242425,7.862756132756132,2.5825137085137087,0.0,0.17381991520864135,0.19999999999999984,,,,,0.1112274244280766,0.031570659673595645,0.12035911057678575,0.3320153782919846,0.39999999999999947,,,,,0.20472727272727198,0.06309523809523743,0.2383636363636361
1976-10-31,104.36760647644405,7.7,,,,,5.0481868686868685,7.591307359307359,2.5431204906204905,0.0,0.19261774508123305,0.09999999999999987,,,,,0.11617195419522137,0.1788367834019142,0.07228822064494418,0.38494212927886906,0.20000000000000018,,,,,0.22422727272727272,0.357636363636364,0.13340909090909037
1977-01-31,105.23624424292751,7.7,,,,,4.572204754310017,7.124492291334396,2.552287537024379,0.0,0.43090467748562633,0.17320508075688776,,,,,0.20690638902743808,0.22457175216144312,0.03841855747231294,0.8564593398534157,0.2999999999999998,,,,,0.40626794258373167,0.42196172248803787,0.07298701298701271
1977-04-30,106.6489457509892,7.3999999999999995,,,,,4.601123951182303,7.407184210526316,2.806060259344012,0.0,0.8844362097105151,0.19999999999999984,,,,,0.06489431898332264,0.04687998911584176,0.07041229935480471,1.7652586778851997,0.39999999999999947,,,,,0.1297631578947369,0.08950000000000102,0.13160183066361553
1977-07-31,108.5970884540565,7.033333333333334,,,,,5.052781195412774,7.354040404040404,2.30125920862763,0.0,0.36077889709318306,0.15275252316519458,,,,,0.11905294564963566,0.09296727374925298,0.18183764731011234,0.664908282855535,0.2999999999999998,,,,,0.2295989974937349,0.1812121212121216,0.3562656641604005
1977-10-31,110.82684481713288,6.866666666666667,,,,,5.819813664596274,7.421277087646653,1.6014634230503797,0.0,1.0644161844327644,0.11547005383792565,,,,,0.3347068502304954,0.09236767436993083,0.27707686740784254,2.1286956848022527,0.20000000000000018,,,,,0.669130434782609,0.1796904761904763,0.5421521739130435
1978-01-31,113.05867567603467,6.533333333333334,66.0,10.0,24.0,142.0,6.203483709273184,7.739598997493734,1.5361152882205513,0.0,0.5295077473721441,0.2309401076758497,,,,,0.20618951200555188,0.1951739432794511,0.07577277583889842,1.0495251872310405,0.39999999999999947,0.0,0.0,0.0,0.0,0.37523809523809426,0.37882205513784495,0.14736842105263182
1978-04-30,114.73093727244118,6.233333333333333,62.666666666666664,17.0,20.333333333333332,142.33333333333334,6.341730639730639,8.07441414141414,1.7326835016835016,0.0,0.6347439837920145,0.11547005383792538,4.509249752822895,5.196152422706632,2.309401076758503,4.9328828623162435,0.0899960464239112,0.06893540670010173,0.14035700336050577,1.2685556641148565,0.20000000000000018,9.0,9.0,4.0,9.0,0.15955555555555545,0.1206666666666667,0.2802222222222228
1978-07-31,116.41663634147052,6.033333333333334,65.33333333333333,15.666666666666666,19.0,146.33333333333334,6.716562049062049,8.482662337662338,1.766100288600289,0.0,0.6141230428069168,0.15275252316519472,2.081665999466134,4.725815626252608,2.6457513110645907,0.5773502691896278,0.30008659225123596,0.14819859164999993,0.15605372826096162,1.21898911022204,0.2999999999999998,4.0,9.0,5.0,1.0,0.5994047619047622,0.29428571428571537,0.3051190476190482
1978-10-31,118.33787101746664,5.8999999999999995,62.0,17.0,21.0,141.0,7.637926155969634,8.489916839199447,0.8519906832298135,0.0,0.2296211732023515,0.1000000000000002,0.0,3.605551275463989,3.605551275463989,3.605551275463989,0.4905197140358248,0.1320678038173085,0.4185164128657873,0.43363269813255556,0.20000000000000018,0.0,7.0,7.0,7.0,0.9131262939958598,0.231511387163561,0.7615434782608691
1979-01-31,119.98280659492077,5.933333333333334,57.333333333333336,17.666666666666668,25.0,132.33333333333334,9.023181818181818,8.970348484848484,-0.05283333333333323,0.0,0.7036254749263097,0.05773502691896237,5.131601439446883,5.033222956847167,4.58257569495584,8.326663997864529,0.35602972819045975,0.150563791245306,0.20628641092746075,1.3925797287700732,0.09999999999999964,10.0,10.0,9.0,16.0,0.7060454545454569,0.29454545454545666,0.4114999999999994
1979-04-30,121.03414856475756,5.833333333333333,61.666666666666664,13.333333333333334,25.0,136.66666666666666,9.420856902356903,9.132535353535353,-0.288321548821549,0.0,0.29018831266854334,0.05773502691896256,1.154700538379251,2.3094010767585034,2.0,2.309401076758499,0.084440857412175,0.043871842884728444,0.06820917826154876,0.5690231302297093,0.10000000000000053,2.0,4.0,4.0,4.0,0.1542929292929287,0.08366666666666767,0.13535353535353534
1979-07-31,121.44496539880735,5.666666666666667,61.333333333333336,10.666666666666666,28.0,133.33333333333334,9.302063492063493,9.038730158730159,-0.26333333333333325,0.0,0.1074404613086309,0.05773502691896256,1.1547005383792526,1.1547005383792515,2.0,3.055050463303897,0.2833202611363515,0.18590974655039932,0.11114840643917599,0.19263767111171148,0.10000000000000053,2.0,2.0,4.0,6.0,0.5561904761904763,0.3385714285714272,0.2176190476190476
1979-10-31,121.40925882315615,5.966666666666666,59.333333333333336,11.333333333333334,29.333333333333332,130.0,10.495160876499549,9.554464322862492,-0.940696553637057,0.0,0.147087785244653,0.05773502691896237,2.3094010767585034,3.2145502536643185,2.5166114784235836,3.605551275463989,1.1087374583068679,0.6626718605926157,0.45581516370788516,0.28833498082012454,0.09999999999999964,4.0,6.0,5.0,7.0,2.1809288537549403,1.269525691699604,0.9114031620553358
1980-01-31,120.3898714410462,6.066666666666666,55.0,9.0,36.0,119.0,11.942104465709727,10.613810207336522,-1.3282942583732056,1.0,0.8344480181734844,0.20816659994661316,4.358898943540674,4.358898943540674,5.196152422706632,8.54400374531753,0.13078520398484964,0.21090738784021687,0.27959986609943527,1.6377045871758042,0.39999999999999947,8.0,8.0,9.0,17.0,0.2428684210526324,0.41627272727272846,0.5100263157894729
1980-04-30,117.90801234109118,6.5,51.666666666666664,11.333333333333334,37.0,114.66666666666667,13.753533834586465,12.212372598162071,-1.5411612364243943,1.0,0.5226613932029455,0.3464101615137758,9.712534856222309,3.055050463303893,10.535653752852738,20.03330560175563,1.265452737248456,0.6614946712664452,1.0183798550243286,0.9932169414935998,0.6000000000000005,19.0,6.0,21.0,40.0,2.3446365914786966,1.2757142857142867,2.0103258145363405
1980-07-31,117.06922550790534,7.633333333333333,40.0,11.333333333333334,48.666666666666664,91.33333333333333,7.9025974025974035,10.069083694083695,2.1664862914862915,0.0,0.4161813211238872,0.15275252316519472,4.58257569495584,4.509249752822894,9.018499505645787,13.576941236277536,0.7631369070777352,0.2541743310945908,0.5501838907524895,0.8098371364881416,0.2999999999999998,9.0,9.0,18.0,27.0,1.5028571428571418,0.46963203463203307,1.0995238095238096
1980-10-31,116.76313533571629,7.566666666666666,51.333333333333336,15.0,33.666666666666664,117.66666666666667,10.340627705627705,11.453946608946609,1.1133189033189033,0.0,0.5337104346489188,0.11547005383792494,4.04145188432738,2.0,3.785938897200182,7.571877794400364,1.2466685007949123,0.3281571431382056,0.9267230135329801,1.0597534773191057,0.20000000000000018,8.0,4.0,7.0,14.0,2.4904545454545453,0.6494588744588707,1.8409956709956712
1981-01-31,115.10564846896425,7.3999999999999995,48.333333333333336,13.666666666666666,38.0,110.33333333333333,14.748076988371105,12.699122740005093,-2.0489542483660133,0.0,0.5893425398653745,0.17320508075688762,2.886751345948128,2.081665999466133,4.0,6.658328118479394,0.9142197495142774,0.13832436652612243,0.8762583928188753,1.1783398069932787,0.2999999999999998,5.0,4.0,8.0,13.0,1.7658556149732618,0.27551948051948116,1.6064705882352939
1981-04-30,113.82765107446431,7.333333333333333,48.0,14.333333333333334,37.666666666666664,110.33333333333333,13.946265031265034,13.329959114959115,-0.6163059163059162,0.0,0.11956650243108022,0.11547005383792538,5.5677643628300215,1.1547005383792517,4.509249752822893,10.066445913694334,0.7476323558652624,0.3052680088108019,0.8539010477620209,0.23806519993765107,0.20000000000000018,11.0,2.0,9.0,20.0,1.429141414141414,0.5636147186147173,1.5804761904761904
1981-07-31,113.44499095374861,7.3999999999999995,49.0,13.0,38.0,111.0,15.328318181818181,13.950893939393941,-1.3774242424242422,1.0,0.48105874513108715,0.17320508075688776,4.58257569495584,2.6457513110645907,2.6457513110645907,7.0,0.8520347025195171,0.4243065084174415,0.7762561578432289,0.9360809010704401,0.2999999999999998,9.0,5.0,5.0,14.0,1.5704090909090933,0.8086363636363654,1.5395454545454546
1981-10-31,112.01466345872757,7.633333333333333,50.333333333333336,15.666666666666666,34.0,116.33333333333333,14.584761904761905,15.136349206349207,0.5515873015873016,1.0,0.536089992262591,0.25166114784235827,5.686240703077327,4.618802153517006,1.7320508075688772,7.023769168568493,0.9869154172553609,0.193600761166148,1.0884737627867436,0.9713993649981774,0.5,11.0,8.0,3.0,14.0,1.962857142857139,0.3866666666666667,2.173809523809524
1982-01-31,111.04039437138537,8.466666666666667,48.0,12.0,40.0,108.0,11.326543771043772,13.90377441077441,2.5772306397306397,1.0,0.27132242261485845,0.15275252316519414,7.810249675906654,1.7320508075688772,6.082762530298219,13.892443989449804,0.8227056730292923,0.6203434297655738,0.2828800348725775,0.5425828885785648,0.29999999999999893,14.0,3.0,11.0,25.0,1.4305909090909097,1.2012222222222242,0.561136363636364
1982-04-30,110.52179953969949,9.066666666666668,45.666666666666664,14.0,40.333333333333336,105.33333333333333,12.954090177133656,14.052921555095468,1.0988313779618128,1.0,0.1738499132794154,0.20816659994661416,4.04145188432738,3.605551275463989,2.886751345948128,6.0277137733417065,0.4565916704696724,0.3227540331565611,0.1339105945881933,0.3243289686523383,0.40000000000000036,7.0,7.0,5.0,12.0,0.8032850241545919,0.5642512077294679,0.23903381642512112
1982-07-31,108.32657961787766,9.6,45.333333333333336,13.0,41.666666666666664,103.66666666666667,11.967652236652237,13.956078643578643,1.988426406926407,1.0,0.997139844379034,0.2000000000000004,2.5166114784235822,1.0,3.214550253664317,5.686240703077325,0.5680735647248948,0.33863102157198655,0.547971193207712,1.9430841613030623,0.40000000000000036,5.0,2.0,6.0,11.0,1.116861471861471,0.6770454545454534,1.062642857142857
1982-10-31,106.98764306352018,10.1,43.0,14.333333333333334,42.666666666666664,100.33333333333333,8.103507215007214,12.10018253968254,3.9966753246753246,1.0,0.2590417527398997,0.3000000000000005,2.6457513110645907,0.5773502691896258,2.309401076758502,4.93288286231625,0.5097916635248754,1.093986040635375,0.6937402237584188,0.5110564569985314,0.5999999999999996,5.0,1.0,4.0,9.0,0.9690454545454541,2.1485000000000003,1.2225714285714289
1983-01-31,107.39237815226996,10.666666666666666,49.333333333333336,10.333333333333334,40.333333333333336,109.0,7.95310814916078,10.515889724310776,2.5627815751499963,0.0,0.40498571280474516,0.23094010767585077,2.081665999466132,1.1547005383792517,1.5275252316519468,3.4641016151377544,0.10600558521893572,0.05114779205947177,0.06805365444831339,0.7612644908882373,0.40000000000000036,4.0,2.0,3.0,6.0,0.21012531328320883,0.09338345864661868,0.11897129186602884
1983-04-30,108.37102969269499,10.299999999999999,56.0,9.0,35.0,121.0,8.224793287566742,10.5437528604119,2.3189595728451566,0.0,0.22518964448243192,0.1000000000000012,4.358898943540674,0.0,4.358898943540674,8.717797887081348,0.11802688499403265,0.16553888198556627,0.2534095153648252,0.4502392878121242,0.20000000000000107,8.0,0.0,8.0,16.0,0.23501144164759857,0.32473684210526343,0.4532265446224266
1983-07-31,108.4593245263272,9.866666666666667,66.66666666666667,7.666666666666667,25.666666666666668,141.0,8.68822582972583,10.868545454545455,2.180319624819625,0.0,0.19266524590926143,0.4041451884327379,0.5773502691896247,2.309401076758503,2.081665999466133,2.0,0.45334279740416544,0.4987980843243286,0.12025686428010209,0.38515682497410353,0.6999999999999993,1.0,4.0,4.0,4.0,0.8885952380952382,0.9969999999999999,0.24013636363636381
1983-10-31,108.59726412781178,9.166666666666666,65.0,10.0,25.0,140.0,8.99123878536922,11.680298826777088,2.6890600414078674,0.0,0.18813482920010424,0.351188458428424,1.0,2.0,1.0,0.0,0.35425606189698594,0.15425879274357335,0.2034165743993785,0.36819110547025957,0.6999999999999993,2.0,4.0,2.0,0.0,0.7084782608695637,0.30508695652173756,0.4033913043478261
1984-01-31,108.37928694009963,8.266666666666667,66.0,10.333333333333334,23.666666666666668,142.33333333333334,8.887911445279867,11.73126984126984,2.843358395989975,0.0,0.16126081183321514,0.2516611478423586,6.244997998398398,1.5275252316519468,4.932882862316248,11.150485789118484,0.11675637138638671,0.0854524218622062,0.077903836441882,0.32205379432805614,0.5,12.0,3.0,9.0,21.0,0.2319799498746864,0.1552380952380954,0.15483709273182944
1984-04-30,108.25423948114462,7.766666666666667,71.0,10.0,19.0,152.0,9.432904306220097,12.264898724082935,2.831994417862839,0.0,0.18820744212627408,0.05773502691896237,1.0,1.0,0.0,1.0,0.3116441101566717,0.39847082962533115,0.09615394652947777,0.35810447742879603,0.09999999999999964,2.0,2.0,0.0,2.0,0.6061052631578949,0.7913947368421042,0.18528947368421056
1984-07-31,109.03558285459827,7.366666666666667,71.66666666666667,10.333333333333334,18.0,153.66666666666666,9.939141414141412,13.44462481962482,3.5054834054834054,0.0,0.2486285730872523,0.15275252316519458,5.033222956847167,0.5773502691896258,4.58257569495584,9.609023536933048,0.1534490287284615,0.1049716745616936,0.2316632856395952,0.4916057758154011,0.2999999999999998,10.0,1.0,9.0,19.0,0.28114718614718726,0.2004761904761896,0.44761904761904825
1984-10-31,109.19321702248361,7.3999999999999995,71.33333333333333,9.666666666666666,19.0,152.33333333333334,10.190610914638373,12.466391026974549,2.2757801123361765,0.0,0.15754250234935466,0.10000000000000031,1.1547005383792495,0.5773502691896258,1.0,2.0816659994661366,0.39640337009142274,0.2820533527929436,0.13709617498266913,0.3106733477083594,0.20000000000000018,2.0,1.0,2.0,4.0,0.7301581027667954,0.555632411067192,0.27040669856459276
1985-01-31,109.2844773097935,7.266666666666667,69.0,8.666666666666666,22.333333333333332,146.66666666666666,8.140537176274018,11.485472431077694,3.344935254803676,0.0,0.20482113414957828,0.05773502691896237,3.4641016151377544,1.5275252316519465,2.081665999466132,5.5075705472861065,0.43221300734725887,0.09495325534803539,0.3425272066019544,0.407771952029762,0.09999999999999964,6.0,3.0,4.0,10.0,0.8522305764411033,0.18834586466165604,0.6638847117794482
1985-04-30,109.67040306702602,7.233333333333333,75.33333333333333,7.666666666666667,17.0,158.33333333333334,8.242777777777777,11.59962962962963,3.356851851851852,0.0,0.21783947844288937,0.05773502691896237,1.5275252316519485,0.5773502691896258,1.0,2.5166114784235796,0.2856490335540634,0.22444479992188834,0.12312520316595214,0.43558413524979755,0.09999999999999964,3.0,1.0,2.0,5.0,0.5699999999999994,0.420476190476192,0.24420634920634932
1985-07-31,110.83609808867458,7.333333333333333,73.33333333333333,7.666666666666667,19.0,154.33333333333334,7.172090909090909,10.436545454545454,3.2644545454545457,0.0,0.5369261161746065,0.11547005383792494,1.1547005383792526,1.5275252316519468,1.7320508075688772,2.5166114784235836,0.2739322924126443,0.36322075112744623,0.08972561479540359,1.0722824909148727,0.20000000000000018,2.0,3.0,3.0,5.0,0.5255454545454548,0.6908181818181802,0.1652727272727268
1985-10-31,112.29825796571339,7.099999999999999,70.33333333333333,11.0,18.666666666666668,151.66666666666666,7.131945773524721,10.313931419457735,3.1819856459330147,0.0,0.31959166203164735,0.0,2.309401076758502,2.6457513110645907,2.081665999466132,3.5118845842842425,0.031057813330953237,0.0699076643186579,0.09994374977558726,0.6294336112069914,0.0,4.0,5.0,4.0,7.0,0.06188995215311177,0.13633971291866231,0.19822966507177098
1986-01-31,113.20080540990539,6.8999999999999995,73.0,9.0,18.0,155.0,7.136900584795321,9.411478696741854,2.274578111946533,0.0,0.3311684305870617,0.17320508075688776,6.082762530298219,1.0,5.291502622129181,11.357816691600547,0.08795251965758631,0.32217176925199276,0.23434325686642735,0.6607863624430195,0.2999999999999998,11.0,2.0,10.0,21.0,0.16355889724310657,0.5877694235588979,0.42421052631578915
1986-04-30,115.88622947492188,7.166666666666667,76.0,9.333333333333334,14.666666666666666,161.33333333333334,6.560358054226476,7.927267145135566,1.3669090909090909,0.0,1.338868057280342,0.05773502691896301,1.7320508075688772,1.1547005383792515,0.5773502691896258,2.309401076758505,0.5039234599698735,0.7142751796621439,0.23682660951676582,2.6769790816637737,0.10000000000000053,3.0,2.0,1.0,4.0,1.0078468899521527,1.4051196172248792,0.4220000000000004
1986-07-31,118.73437753709902,7.133333333333333,78.33333333333333,7.666666666666667,14.0,164.33333333333334,6.062561327561327,7.604076479076479,1.5415151515151513,0.0,0.871016475202559,0.11547005383792538,3.0550504633038935,0.5773502691896258,3.0,6.027713773341707,0.2047249908762239,0.264439402729973,0.06002680822611776,1.7003227752460788,0.20000000000000018,6.0,1.0,6.0,12.0,0.3804112554112553,0.49634199134199175,0.115930735930736
1986-10-31,120.93021793627497,6.966666666666666,76.33333333333333,8.666666666666666,15.0,161.33333333333334,5.30540404040404,7.346565656565656,2.041161616161616,0.0,0.460475845354805,0.05773502691896237,0.5773502691896247,1.5275252316519468,1.0,0.5773502691896216,0.1926155564287315,0.15698204318018114,0.348680608572839,0.9119064150871168,0.09999999999999964,1.0,3.0,2.0,1.0,0.347597402597402,0.2819047619047623,0.6082467532467537
1987-01-31,122.42077886481401,6.7,73.0,9.0,18.0,155.0,5.4348754208754215,7.149260942760942,1.7143855218855217,0.0,0.4366979722333292,0.1732050807568882,1.7320508075688772,1.7320508075688772,1.7320508075688772,3.0,0.08962856064395512,0.08885180733847096,0.16577221021435545,0.7881596327951996,0.3000000000000007,3.0,3.0,3.0,6.0,0.17873737373737342,0.1660555555555545,0.3165656565656565
1987-04-30,123.12855750493627,6.5,72.66666666666667,9.0,18.333333333333332,154.33333333333334,5.6072309561783245,7.5073399407609935,1.9001089845826689,0.0,0.20739219234536665,0.17320508075688776,1.5275252316519452,1.7320508075688772,2.081665999466132,3.2145502536643145,0.025097029013123474,0.4464519931891526,0.4213713132609971,0.396533136801807,0.2999999999999998,3.0,3.0,4.0,6.0,0.04437229437229462,0.7742207792207791,0.7298484848484847
1987-07-31,124.80860874678099,6.2,76.0,9.333333333333334,14.666666666666666,161.33333333333334,5.673484848484848,8.487363636363636,2.8138787878787874,0.0,0.7801048936922663,0.1000000000000002,0.0,0.5773502691896255,0.5773502691896255,0.5773502691896216,0.016777181801515377,0.11106055231715593,0.12091580067962385,1.5592894321736708,0.20000000000000018,0.0,1.0,1.0,1.0,0.03227272727272723,0.2107272727272722,0.2189090909090914
1987-10-31,125.88067277756365,5.966666666666666,72.66666666666667,10.666666666666666,16.666666666666668,156.0,6.1892063492063505,9.234126984126986,3.044920634920635,0.0,0.11057797115956973,0.05773502691896237,3.2145502536643202,1.5275252316519468,3.5118845842842457,6.557438524302,0.18731019619709818,0.4131155706079856,0.3316947252799381,0.19263424252899597,0.09999999999999964,6.0,3.0,7.0,13.0,0.3619047619047624,0.7595238095238095,0.6623809523809525
1988-01-31,126.60200095763344,5.733333333333333,69.0,9.666666666666666,21.333333333333332,147.66666666666666,5.758716108452951,8.838014354066985,3.079298245614035,0.0,0.308835182265071,0.05773502691896237,3.0,0.5773502691896258,3.055050463303893,6.027713773341712,0.05998349710343193,0.16214523714441534,0.19861315099671997,0.5825345899033323,0.09999999999999964,6.0,1.0,6.0,12.0,0.11894736842105136,0.3219377990430612,0.3678947368421057
1988-04-30,127.32123008508565,5.6000000000000005,72.0,11.0,17.0,155.0,5.756847826086957,8.434659420289854,2.6778115942028986,0.0,0.19963940273355393,0.17320508075688776,1.0,3.0,2.0,1.0,0.13176396845778038,0.2587332858389283,0.13015687846584342,0.3992499211637579,0.2999999999999998,2.0,6.0,4.0,2.0,0.24650000000000016,0.5065000000000008,0.26000000000000023
1988-07-31,128.83960082946683,5.466666666666666,77.33333333333333,10.333333333333334,12.333333333333334,165.0,6.481729437229437,9.022137085137084,2.540407647907648,0.0,0.6123674211259702,0.11547005383792475,2.88675134594813,4.163331998932266,1.5275252316519468,2.0,0.2364603261572746,0.08882287016557301,0.26122455683419277,1.2238737534256927,0.1999999999999993,5.0,8.0,3.0,4.0,0.47135714285714325,0.16768398268398244,0.5044047619047616
1988-10-31,129.68399450396487,5.466666666666666,72.66666666666667,13.0,14.333333333333334,158.33333333333334,7.216877501725328,9.011025879917185,1.7941483781918564,0.0,0.09499492473952936,0.11547005383792475,1.5275252316519463,1.7320508075688772,0.5773502691896255,1.5275252316519474,0.14428479101451777,0.23431204075781714,0.37859163636412785,0.17016133685092427,0.1999999999999993,3.0,3.0,1.0,3.0,0.2858913043478255,0.4649347826086956,0.750826086956522
1989-01-31,130.05158863512278,5.333333333333333,73.66666666666667,9.666666666666666,16.666666666666668,157.0,8.03104761904762,9.053238095238095,1.0221904761904763,0.0,0.08455500171444527,0.05773502691896301,4.041451884327379,0.5773502691896255,3.5118845842842465,7.54983443527075,0.2549238114807322,0.07890223650296539,0.1890330703889673,0.1643040134199225,0.10000000000000053,8.0,1.0,7.0,15.0,0.5060000000000002,0.14321428571428285,0.3769999999999998
1989-04-30,130.16089329611114,5.133333333333334,72.66666666666667,10.666666666666666,16.666666666666668,156.0,8.664326953748008,9.234058213716109,0.569731259968102,0.0,0.025154905961086983,0.11547005383792526,2.081665999466131,2.309401076758503,0.5773502691896255,2.0,0.1432521954793603,0.10715064798069379,0.05988436954870459,0.04996306801353967,0.20000000000000018,4.0,4.0,1.0,4.0,0.2849282296650699,0.18877990430622127,0.10992105263157914
1989-07-31,130.48503754477173,5.233333333333333,71.66666666666667,11.333333333333334,17.0,154.66666666666666,8.155848484848486,8.384954545454546,0.22910606060606065,0.0,0.3271482848693197,0.05773502691896237,1.1547005383792526,1.5275252316519468,1.7320508075688772,2.5166114784235796,0.2751183266594794,0.4305168981431244,0.17050387367048062,0.652008988057986,0.09999999999999964,2.0,3.0,3.0,5.0,0.5501818181818185,0.8405909090909098,0.3000000000000007
1989-10-31,130.70235147059836,5.266666666666667,73.66666666666667,10.333333333333334,16.0,157.66666666666666,7.763196342305037,8.103575914423741,0.34037957211870246,0.0,0.35032682228789336,0.05773502691896237,1.1547005383792526,0.5773502691896258,1.7320508075688772,2.886751345948127,0.13048479329934265,0.0917744737848253,0.11598894040111457,0.6714505562295017,0.09999999999999964,2.0,1.0,3.0,5.0,0.26004140786749375,0.1828809523809518,0.2269565217391308
1990-01-31,129.46390998295124,5.400000000000001,69.66666666666667,10.666666666666666,19.666666666666668,150.0,7.652158730158731,7.97231746031746,0.3201587301587301,0.0,0.8182622193819465,0.0,6.429100507328634,1.1547005383792515,6.110100926607787,12.489995996796797,0.03184519433315442,0.2038531625140242,0.21133005712890748,1.5245348412697126,0.0,12.0,2.0,12.0,24.0,0.061619047619046796,0.3706666666666667,0.37714285714285706
1990-04-30,127.86022332221891,5.3,76.0,7.666666666666667,16.333333333333332,159.66666666666666,7.804078149920255,8.615764752791069,0.8116866028708133,0.0,0.1806091114828604,0.1000000000000002,2.0,1.5275252316519468,0.5773502691896255,2.5166114784235867,0.08304687756002159,0.15792833755742613,0.17515196522227308,0.35884136445513093,0.20000000000000018,4.0,3.0,1.0,5.0,0.15712918660286945,0.3123421052631574,0.32204545454545463
1990-07-31,127.64768213356672,5.366666666666667,74.33333333333333,10.333333333333334,15.333333333333334,159.0,7.696139971139971,8.56987012987013,0.8737301587301588,1.0,0.3743794694501786,0.15275252316519458,1.1547005383792495,2.0816659994661326,1.5275252316519468,1.7320508075688772,0.0665467181923118,0.16313900917020902,0.1315446203780895,0.7481168575259858,0.2999999999999998,2.0,4.0,3.0,3.0,0.12318181818181806,0.2867532467532463,0.26023809523809494
1990-10-31,124.58896845186247,5.833333333333333,64.33333333333333,8.666666666666666,27.0,137.33333333333334,7.322885028777478,8.78843734831149,1.465552319534013,1.0,1.3520132205154882,0.11547005383792494,5.686240703077325,1.5275252316519468,5.0,10.598742063723101,0.14338389541718605,0.09218508073890422,0.13871627127407332,2.7016510787318566,0.20000000000000018,11.0,3.0,10.0,21.0,0.28104743083003925,0.1736124401913859,0.24798418972332015
1991-01-31,121.23644736459067,6.3,56.333333333333336,7.666666666666667,36.0,120.33333333333333,6.674785714285714,8.186301587301587,1.5115158730158729,1.0,1.0594519385987717,0.1000000000000002,4.163331998932266,2.309401076758503,2.0,6.110100926607785,0.4232979302513802,0.17834046227300449,0.30964378657641717,2.072446601162781,0.20000000000000018,8.0,4.0,4.0,12.0,0.839142857142857,0.31700000000000017,0.5390476190476192
1991-04-30,119.24539261963969,6.7,61.333333333333336,10.0,28.666666666666668,132.66666666666666,5.832464114832535,8.00127591706539,2.1688118022328546,0.0,0.18005225267518232,0.10000000000000031,6.658328118479392,2.6457513110645907,4.618802153517007,11.15048578911849,0.16079284806121658,0.131766081223567,0.24222735580675384,0.3513022312619256,0.20000000000000018,13.0,5.0,8.0,21.0,0.29602870813397075,0.25526315789473575,0.48038277511961747
1991-07-31,119.91303359019433,6.866666666666667,63.666666666666664,8.0,28.333333333333332,135.33333333333334,5.5363030303030305,8.208151515151515,2.6718484848484843,0.0,0.32654400744330936,0.05773502691896301,3.7859388972001833,1.7320508075688772,5.033222956847166,8.7368949480541,0.0653007241384257,0.12174150685102501,0.056707552905004344,0.6452791440338643,0.10000000000000053,7.0,3.0,10.0,17.0,0.11409090909090924,0.2162727272727274,0.10418181818181882
1991-10-31,119.40032490174205,6.933333333333334,63.666666666666664,7.333333333333333,29.0,134.66666666666666,5.180757575757576,7.692424242424242,2.5116666666666667,0.0,0.5886812092006224,0.05773502691896237,1.154700538379251,0.5773502691896257,1.0,2.08166599946613,0.17211934484689195,0.189950696807437,0.06849222271909969,1.1766457511608053,0.09999999999999964,2.0,1.0,2.0,4.0,0.3390909090909089,0.372727272727273,0.13181818181818183
1992-01-31,117.67764077505171,7.2,54.333333333333336,8.0,37.666666666666664,116.66666666666667,4.145839598997494,7.179440267335004,3.033600668337511,0.0,0.383142391707265,0.17320508075688731,1.154700538379251,1.0,1.5275252316519468,2.516611478423583,0.3822174475313489,0.20795840245644595,0.1853185477373622,0.7662160316688471,0.2999999999999998,2.0,2.0,3.0,5.0,0.7541854636591476,0.384987468671679,0.3691979949874691
1992-04-30,116.65238969530348,7.400000000000001,57.666666666666664,8.0,34.333333333333336,123.33333333333333,3.8763890787574997,7.453547884863674,3.5771588061061745,0.0,0.17601238641606415,0.0,4.163331998932266,0.0,4.163331998932266,8.326663997864532,0.1461128688294267,0.10481622477214911,0.1337518685079261,0.34270395125183484,0.0,8.0,0.0,8.0,16.0,0.2868614718614708,0.20437799043062288,0.2377443609022558
1992-07-31,116.9203119906261,7.7,67.33333333333333,6.666666666666667,26.0,141.33333333333334,3.499181818181818,7.166121212121212,3.6669393939393937,0.0,0.09502901286857933,0.10000000000000031,2.309401076758502,0.5773502691896258,2.6457513110645907,4.93288286231625,0.25228399647229505,0.2859983432497426,0.08121089438241166,0.1896195444144695,0.20000000000000018,4.0,1.0,5.0,9.0,0.4481818181818178,0.5474545454545456,0.15354545454545487
1992-10-31,116.05154534990218,7.5,59.333333333333336,8.333333333333334,32.333333333333336,127.0,2.966825396825397,6.53,3.563174603174603,0.0,0.47099687072406016,0.17320508075688776,2.516611478423584,0.5773502691896255,2.081665999466132,4.58257569495584,0.14070790681966705,0.09940069851974472,0.14231670260288573,0.9418019365398322,0.2999999999999998,5.0,1.0,4.0,9.0,0.26333333333333275,0.17380952380952408,0.26666666666666705
1993-01-31,115.11063268310313,7.366666666666667,67.33333333333333,7.666666666666667,25.0,142.33333333333334,3.1156060606060607,6.747719298245614,3.6321132376395533,0.0,0.4148380223782273,0.05773502691896301,1.5275252316519485,0.5773502691896258,1.0,2.5166114784235796,0.10819034165345044,0.1379352424772826,0.10012344528399252,0.7601253228931597,0.10000000000000053,3.0,1.0,2.0,5.0,0.2152392344497609,0.2731578947368414,0.1915550239234456
1993-04-30,113.95536633019469,7.066666666666666,71.0,9.666666666666666,19.333333333333332,151.66666666666666,2.9167200610221204,6.067896189749736,3.151176128727616,0.0,0.16075994814528555,0.05773502691896237,1.7320508075688772,1.5275252316519468,2.081665999466132,3.5118845842842497,0.04210708093114566,0.16547966301678074,0.1599080941255749,0.31395331049300523,0.09999999999999964,3.0,3.0,4.0,7.0,0.08173913043478231,0.28942355889724336,0.3070480549199086
1993-07-31,114.86269204073047,7.0,70.0,8.666666666666666,21.333333333333332,148.66666666666666,3.0211998556998556,5.934488455988455,2.9132886002886003,0.0,0.5535926698106066,0.09999999999999964,1.0,1.5275252316519465,2.081665999466133,2.886751345948127,0.058659177011628046,0.11769965706938812,0.15608764770629238,1.1071441866311176,0.1999999999999993,2.0,3.0,4.0,5.0,0.11440909090909068,0.230261904761905,0.3099523809523812
1993-10-31,115.192432374296,6.766666666666667,69.0,10.0,21.0,148.0,2.9947366522366523,5.457242424242424,2.462505772005772,0.0,0.34379807746988816,0.05773502691896237,1.7320508075688772,1.0,2.6457513110645907,4.358898943540674,0.040812795133506455,0.1913875030103587,0.17648993168845137,0.6529729796572923,0.09999999999999964,3.0,2.0,5.0,8.0,0.07147186147186124,0.3437272727272731,0.3421363636363641
1994-01-31,114.60469421365646,6.566666666666666,72.66666666666667,8.666666666666666,18.666666666666668,154.0,3.0454393939393936,5.749530303030304,2.7040909090909095,0.0,0.13981423124451137,0.05773502691896237,5.0332229568471645,2.516611478423583,2.5166114784235836,7.54983443527075,0.065001308526774,0.0250595296753196,0.07833626393908433,0.27290133871785827,0.09999999999999964,10.0,5.0,5.0,15.0,0.12850000000000028,0.050090909090909186,0.1549999999999998
1994-04-30,114.0717884775169,6.5,77.33333333333333,8.333333333333334,14.333333333333334,163.0,3.478382913806255,6.475957284515637,2.997574370709382,0.0,0.17822355534490414,0.09999999999999964,2.516611478423583,1.5275252316519465,2.3094010767585034,4.58257569495584,0.21343957889717377,0.49950689902284395,0.28752857133751,0.3564427455925596,0.1999999999999993,5.0,3.0,4.0,9.0,0.42473684210526264,0.998947368421053,0.57421052631579
1994-07-31,115.19537321036803,6.099999999999999,75.66666666666667,9.666666666666666,14.666666666666666,161.0,4.204026695526696,7.194232323232323,2.9902056277056275,0.0,0.26850488259326416,0.0,2.081665999466134,0.5773502691896258,1.5275252316519468,3.605551275463989,0.10960108686436229,0.09877021748303902,0.041912055005135264,0.5330183414525465,0.0,4.0,1.0,3.0,7.0,0.19368181818181807,0.1966363636363644,0.07402597402597433
1994-10-31,115.11615681877511,5.8999999999999995,77.33333333333333,9.333333333333334,13.333333333333334,164.0,4.683464113181505,7.479076604554866,2.7956124913733613,0.0,0.2066122239407586,0.1000000000000002,0.5773502691896247,1.5275252316519468,1.1547005383792515,1.0,0.2391506629258572,0.2546659221224691,0.03774762510440187,0.40436856631015416,0.20000000000000018,1.0,3.0,2.0,2.0,0.4673695652173917,0.5079130434782604,0.0754244306418217
1995-01-31,114.3287894059445,5.566666666666666,76.66666666666667,7.666666666666667,15.666666666666666,161.0,5.531738095238095,7.849436507936507,2.317698412698413,0.0,0.3493841275054893,0.05773502691896237,4.725815626252606,1.5275252316519468,3.214550253664318,7.937253933193772,0.21791116816465506,0.09301625663553802,0.3107134440175913,0.659609897675665,0.09999999999999964,9.0,3.0,6.0,15.0,0.4215,0.17550000000000043,0.597
1995-04-30,113.27540144049631,5.533333333333334,77.0,9.0,14.0,163.0,5.717284515636918,7.245629290617849,1.5283447749809307,0.0,0.13629762875537232,0.23094010767585013,1.7320508075688772,1.0,2.0,3.605551275463989,0.0587321128669496,0.20647388024101124,0.15240101141345166,0.2530641916716547,0.39999999999999947,3.0,2.0,4.0,7.0,0.11578947368421133,0.40684210526315745,0.2910526315789477
1995-07-31,113.81071513839834,5.633333333333333,74.66666666666667,10.0,15.333333333333334,159.33333333333334,5.519757575757576,6.359636363636365,0.8398787878787878,0.0,0.3967763270357217,0.05773502691896301,0.5773502691896247,1.0,0.5773502691896258,0.5773502691896216,0.12827064405670408,0.2427941344751502,0.13662430640968828,0.7870596067680395,0.10000000000000053,1.0,2.0,1.0,1.0,0.24300000000000033,0.4645454545454557,0.27181818181818196
1995-10-31,114.07343671123033,5.6000000000000005,75.66666666666667,11.333333333333334,13.0,162.66666666666666,5.318465838509317,6.243507591442373,0.9250417529330573,0.0,0.259512921388516,0.10000000000000053,2.516611478423585,3.511884584284246,2.6457513110645907,3.785938897200181,0.06872832526381657,0.22530059209453615,0.16222110978456508,0.49315953556765635,0.20000000000000018,5.0,7.0,5.0,7.0,0.11925465838509375,0.44349896480331186,0.32424430641821944
1996-01-31,113.40017512816411,5.599999999999999,73.33333333333333,8.666666666666666,18.0,155.33333333333334,5.165452380952381,5.764785714285715,0.5993333333333334,0.0,0.4797863339354084,0.0,2.309401076758505,1.5275252316519465,1.0,3.2145502536643145,0.18076441208306696,0.14650517353669001,0.04892838025683905,0.871935701077831,0.0,4.0,3.0,2.0,6.0,0.35952380952380913,0.2780952380952373,0.08771428571428597
1996-04-30,112.3704448844066,5.533333333333334,76.0,9.333333333333334,14.666666666666666,161.33333333333334,4.9135663780663785,6.195145021645022,1.2815786435786436,0.0,0.11885988227514425,0.05773502691896237,0.0,0.5773502691896255,0.5773502691896255,0.5773502691896216,0.07558643180286052,0.3586146207430971,0.2910542267803918,0.2122009495609518,0.09999999999999964,0.0,1.0,1.0,1.0,0.1358809523809521,0.7058636363636364,0.5805454545454546
1996-07-31,113.32343157325958,5.466666666666666,74.0,11.333333333333334,14.666666666666666,159.33333333333334,5.086636363636363,6.838090909090909,1.7514545454545456,0.0,0.4192543677791558,0.15275252316519444,2.6457513110645907,1.5275252316519468,2.0816659994661326,4.509249752822891,0.06780057046494443,0.0907399790701593,0.057717823134955486,0.8259135244141333,0.2999999999999998,5.0,3.0,4.0,9.0,0.1349999999999998,0.17518181818181855,0.10299999999999998
1996-10-31,113.44440775176368,5.166666666666667,75.66666666666667,7.666666666666667,16.666666666666668,159.0,5.041409090909091,6.667030303030303,1.6256212121212121,0.0,0.3728780765863456,0.05773502691896256,1.5275252316519452,1.1547005383792517,2.081665999466133,3.4641016151377544,0.05300286519621641,0.1516673538567065,0.10156889463869705,0.7390699538815255,0.10000000000000053,3.0,2.0,4.0,6.0,0.10559090909090951,0.2983636363636366,0.19277272727272754
1997-01-31,112.57435812291807,5.366666666666667,75.66666666666667,6.333333333333333,18.0,157.66666666666666,4.991060985797827,6.361704260651629,1.3706432748538013,0.0,0.20394972971981107,0.05773502691896301,0.5773502691896247,1.5275252316519468,2.0,2.5166114784235867,0.0694283827632611,0.19458639030599148,0.18586119815827987,0.38925324712248255,0.10000000000000053,1.0,3.0,4.0,5.0,0.12285714285714366,0.37536340852130223,0.3699749373433585
1997-04-30,112.31005168208954,5.166666666666667,78.33333333333333,9.0,12.666666666666666,165.66666666666666,5.1040207336523125,6.666476076555024,1.5624553429027113,0.0,0.2843311870483121,0.05773502691896301,0.5773502691896247,1.7320508075688772,1.5275252316519465,1.5275252316519499,0.08555997000166964,0.23425103196222347,0.155094777326836,0.5472395227267555,0.10000000000000053,1.0,3.0,3.0,3.0,0.1564832535885179,0.4659808612440184,0.30949760765550227
1997-07-31,113.95429554960003,4.933333333333334,79.0,11.0,10.0,169.0,5.010440115440115,6.47507215007215,1.4646320346320347,0.0,0.5105036571392786,0.05773502691896237,2.6457513110645907,1.7320508075688772,1.0,3.605551275463989,0.06887007916687356,0.2457851674490269,0.2615569691769561,1.0184912407878954,0.09999999999999964,5.0,3.0,2.0,7.0,0.1213203463203456,0.49049783549783577,0.4946753246753248
1997-10-31,114.54208129203768,4.8,77.0,12.0,11.0,166.0,5.022496392496392,6.178896103896104,1.1563997113997115,0.0,0.11612385718595401,0.09999999999999998,3.605551275463989,2.6457513110645907,1.0,4.58257569495584,0.10388683520465015,0.13694601982567928,0.09944832067510408,0.22724282808961505,0.20000000000000018,7.0,5.0,2.0,9.0,0.1890476190476189,0.2690259740259737,0.19889610389610368
1998-01-31,115.13676473013594,4.633333333333333,79.0,10.666666666666666,10.333333333333334,168.66666666666666,5.11420202020202,5.742712121212121,0.6285101010101012,0.0,0.3234009317530705,0.05773502691896288,1.0,2.081665999466133,2.081665999466133,2.5166114784235867,0.06752621049009586,0.17483439822988975,0.11314475310228074,0.6333872624122137,0.10000000000000053,2.0,4.0,4.0,5.0,0.1252727272727272,0.3304999999999998,0.22416666666666663
1998-04-30,116.00816708903646,4.533333333333333,77.33333333333333,14.0,8.666666666666666,168.66666666666666,5.0223771550087335,5.61987620566568,0.5974990506569453,0.0,0.5702956595720253,0.20816659994661346,1.5275252316519463,1.7320508075688772,0.5773502691896255,1.5275252316519474,0.06862166237917453,0.03938870383363105,0.10078079352739559,1.1326497672028637,0.40000000000000036,3.0,3.0,1.0,3.0,0.1362656641604012,0.07253588516746401,0.19914786967418507
1998-07-31,118.33467284725911,4.466666666666667,74.66666666666667,16.666666666666668,8.666666666666666,166.0,4.97919696969697,5.536742424242424,0.5575454545454545,0.0,0.8316574169844475,0.05773502691896237,2.309401076758505,2.309401076758503,2.3094010767585034,4.0,0.01773055525164636,0.10176498542697847,0.08433242957300556,1.6590776184688565,0.09999999999999964,4.0,4.0,4.0,8.0,0.0348636363636361,0.191136363636363,0.15627272727272723
1998-10-31,119.91486942564227,4.533333333333333,72.66666666666667,17.666666666666668,9.666666666666666,163.0,4.49,4.892857142857142,0.40285714285714286,0.0,0.18633713434242458,0.05773502691896237,0.5773502691896247,2.081665999466133,1.5275252316519468,1.0,0.481116426525863,0.4127577185715168,0.18676685843701193,0.3370711039139138,0.09999999999999964,1.0,4.0,3.0,2.0,0.9409523809523814,0.8119047619047626,0.36809523809523825
1999-01-31,120.57815028534345,4.366666666666667,79.66666666666667,10.333333333333334,10.0,169.66666666666666,4.38030303030303,4.731491228070175,0.35118819776714516,0.0,0.24618182002865457,0.05773502691896301,1.1547005383792526,1.5275252316519465,1.0,1.5275252316519474,0.04078459282232919,0.09154579456375099,0.0850716570864491,0.45235108807385416,0.10000000000000053,2.0,3.0,2.0,3.0,0.07947368421052659,0.18236842105263218,0.15854066985645932
1999-04-30,121.31001620158622,4.3,78.0,12.333333333333334,9.666666666666666,168.33333333333334,4.389612024131475,5.138700506206227,0.7490884820747521,0.0,0.32765123165919363,0.10000000000000031,2.6457513110645907,2.0816659994661326,0.5773502691896258,3.21455025366432,0.08666883848884818,0.12339255823193718,0.17126724646437494,0.6373889100181032,0.20000000000000018,5.0,4.0,1.0,6.0,0.1513241106719363,0.23366132723112099,0.33447368421052626
1999-07-31,123.8671902565132,4.266666666666667,82.0,12.333333333333334,5.666666666666667,176.33333333333334,4.538756854256854,5.743650072150072,1.204893217893218,0.0,1.00661375120161,0.05773502691896237,2.0,1.5275252316519468,3.511884584284246,5.507570547286106,0.035754603134023184,0.18480954695902987,0.14916902441062843,1.9832669380652987,0.09999999999999964,4.0,3.0,7.0,11.0,0.0683181818181815,0.360045454545455,0.29172727272727283
1999-10-31,125.50123612069315,4.166666666666667,77.66666666666667,11.333333333333334,11.0,166.66666666666666,4.752851370851371,5.988776334776335,1.2359249639249639,0.0,0.2026835079064905,0.05773502691896301,1.1547005383792526,0.5773502691896255,1.0,2.0816659994661317,0.09634442428108257,0.10737920159667691,0.016854727120383908,0.3708639915371066,0.10000000000000053,2.0,1.0,2.0,4.0,0.1848095238095233,0.19676190476190492,0.03327272727272712
2000-01-31,126.463048884992,4.033333333333333,76.33333333333333,11.666666666666666,12.0,164.33333333333334,5.1951212121212125,6.323484848484848,1.1283636363636365,0.0,0.35973804363247325,0.05773502691896237,2.88675134594813,1.5275252316519468,3.0,5.686240703077324,0.1240046681117232,0.3162474229252894,0.19424495164526018,0.6977214842952577,0.09999999999999964,5.0,3.0,6.0,11.0,0.24800000000000022,0.6269999999999998,0.379
2000-04-30,127.21155883375548,3.9666666666666663,79.33333333333333,12.333333333333334,8.333333333333334,171.0,5.633734553775743,6.255516018306636,0.6217814645308923,0.0,0.7566558227628117,0.15275252316519455,2.516611478423585,1.5275252316519468,3.2145502536643185,5.5677643628300215,0.07644181429816135,0.2644882762101108,0.3238984698761758,1.3497453274758726,0.2999999999999998,5.0,3.0,6.0,11.0,0.14678260869565207,0.5289736842105253,0.6393947368421053
2000-07-31,130.1447313044961,4.0,79.0,12.0,9.0,170.0,5.8107575757575765,6.197242424242424,0.38648484848484843,0.0,0.7639788527260671,0.0,2.0,1.0,1.0,3.0,0.13541360984047202,0.21173623723817245,0.2760841938497457,1.5279355648738715,0.0,4.0,2.0,2.0,6.0,0.26863636363636356,0.38645454545454516,0.5505454545454548
2000-10-31,132.11671731701225,3.9666666666666663,76.66666666666667,13.0,10.333333333333334,166.33333333333334,6.066171497584541,5.787886128364389,-0.27828536922015173,0.0,0.3124114285083228,0.11547005383792519,0.5773502691896247,1.0,0.5773502691896255,0.5773502691896278,0.05978937525752199,0.04480380023117513,0.08524085957534656,0.5733870257813578,0.19999999999999973,1.0,2.0,1.0,1.0,0.10916666666666686,0.08751552795031081,0.16959523809523797
2001-01-31,133.44316728811643,4.0,76.33333333333333,10.0,13.666666666666666,162.66666666666666,5.695539682539683,5.37286507936508,-0.32267460317460317,1.0,0.3465146585730732,0.1732050807568879,4.163331998932264,1.7320508075688772,2.5166114784235836,6.65832811847939,0.5170242132018937,0.30079452642583154,0.2949543532205434,0.692582839461096,0.30000000000000027,8.0,3.0,5.0,13.0,1.026190476190477,0.5561904761904763,0.5437380952380952
2001-04-30,134.0214067059278,4.3,68.0,11.666666666666666,20.333333333333332,147.66666666666666,4.3928748006379585,5.041800637958533,0.6489258373205741,1.0,0.5572533238761177,0.1000000000000002,2.0,0.5773502691896255,2.5166114784235836,4.509249752822891,0.505284428064765,0.13702255813050504,0.5502109793192671,1.112768674527615,0.20000000000000018,4.0,1.0,5.0,9.0,1.0090789473684212,0.2555454545454543,1.0511315789473685
2001-07-31,136.32127467278926,4.466666666666666,65.0,16.333333333333332,18.666666666666668,146.33333333333334,3.5396753246753243,5.303946608946609,1.764271284271284,1.0,1.3039328982765714,0.15275252316519428,3.605551275463989,2.5166114784235836,2.309401076758503,5.507570547286106,0.07135332846602624,0.07943293078869389,0.03852651714408601,2.5933296158862333,0.2999999999999998,7.0,5.0,4.0,11.0,0.13521645021645057,0.15517316017315963,0.07619047619047592
2001-10-31,138.82393288388468,5.066666666666666,61.333333333333336,16.0,22.666666666666668,138.66666666666666,2.718494148647601,4.756629078508873,2.0381349298612723,1.0,0.40605311859905596,0.20816659994661316,1.5275252316519468,2.0,3.214550253664318,4.618802153517004,0.6064080535691853,0.20338619026995552,0.40304152952338623,0.7267489690378568,0.39999999999999947,3.0,4.0,6.0,8.0,1.2044664031620549,0.40448616600790555,0.7999802371541502
2002-01-31,140.30987775405262,5.633333333333333,65.66666666666667,12.333333333333334,22.0,143.66666666666666,1.7381111111111112,4.924904761904762,3.186793650793651,0.0,0.5186048175163577,0.11547005383792565,2.0816659994661335,0.5773502691896255,2.0,4.04145188432738,0.11653627634219192,0.23818703349504566,0.3519418196330915,0.9615969618695033,0.20000000000000018,4.0,1.0,4.0,8.0,0.2176666666666669,0.43599999999999994,0.617
2002-04-30,141.23274017595338,5.766666666666667,63.666666666666664,17.333333333333332,19.0,144.66666666666666,1.7419577352472089,5.1354960127591704,3.3935382775119614,0.0,0.5881832566379501,0.11547005383792538,1.5275252316519456,2.5166114784235836,1.7320508075688772,2.0816659994661317,0.03982936811788022,0.19733147082469646,0.17900455299681603,1.1625087448335591,0.20000000000000018,3.0,5.0,3.0,4.0,0.07386363636363624,0.3724210526315801,0.3104306220095694
2002-07-31,145.39805521432174,5.8,69.66666666666667,15.666666666666666,14.666666666666666,155.0,1.703318181818182,4.914742424242424,3.211424242424243,0.0,1.6037197557375253,0.0,2.516611478423585,1.1547005383792517,1.5275252316519468,4.0,0.022292060255014914,0.2558844907170652,0.23402543362050884,3.2024214030803364,0.0,5.0,2.0,3.0,8.0,0.04409090909090896,0.5113636363636367,0.4672727272727273
2002-10-31,148.30466936286174,5.7,64.33333333333333,15.0,20.666666666666668,143.66666666666666,1.6084545454545456,4.0227272727272725,2.4142727272727273,0.0,0.5873814961773789,0.0,2.886751345948127,2.6457513110645907,0.5773502691896255,3.2145502536643145,0.02511658765052701,0.20619336187020842,0.20553602567734838,1.1717769491571914,0.0,5.0,5.0,1.0,6.0,0.04854545454545445,0.38727272727272677,0.40036363636363603
2003-01-31,150.06121756499672,5.8999999999999995,64.33333333333333,15.333333333333334,20.333333333333332,144.0,1.1982456140350877,4.04312447786132,2.844878863826233,0.0,0.5188242620776972,0.1000000000000002,1.5275252316519485,2.081665999466133,0.5773502691896263,1.0,0.03344640403807627,0.009304469788295687,0.033055129515095275,0.9325464952273421,0.20000000000000018,3.0,4.0,1.0,2.0,0.06568922305764424,0.01619047619047631,0.06583959899749381
2003-04-30,150.69407241468005,5.933333333333334,63.0,14.0,23.0,140.0,1.1428654970760235,3.889448621553885,2.7465831244778616,0.0,1.0604043208972962,0.05773502691896237,2.6457513110645907,1.0,2.0,4.58257569495584,0.019410090460743084,0.07657020200739476,0.07542335891095803,1.946948429325829,0.09999999999999964,5.0,2.0,4.0,9.0,0.03431077694235585,0.1514285714285708,0.1499999999999999
2003-07-31,155.19241290995234,6.2,67.0,13.333333333333334,19.666666666666668,147.33333333333334,0.9618975468975468,3.6262626262626263,2.6643650793650795,0.0,1.4658609871245085,0.10000000000000031,4.358898943540674,2.081665999466133,2.3094010767585034,6.658328118479389,0.09234764289651186,0.3243910222302115,0.3580806998484148,2.9316417039830753,0.20000000000000018,8.0,4.0,4.0,12.0,0.1676406926406926,0.6411688311688319,0.6578571428571429
2003-10-31,158.51755000805295,6.066666666666666,67.66666666666667,13.333333333333334,19.0,148.66666666666666,0.9358441558441558,4.336659451659451,3.400815295815296,0.0,1.0006575615573898,0.05773502691896237,0.5773502691896247,2.3094010767585034,1.7320508075688772,1.1547005383792495,0.013633339869519258,0.09437875373395826,0.08404068804411426,1.9851909798763074,0.09999999999999964,1.0,4.0,3.0,2.0,0.027229437229437048,0.17095238095238052,0.15857142857142836
2004-01-31,161.86896439488658,5.733333333333333,73.33333333333333,9.666666666666666,17.0,156.33333333333334,0.9037104377104378,4.239409090909091,3.335698653198653,0.0,0.8430817483861379,0.05773502691896237,5.033222956847168,0.5773502691896255,4.58257569495584,9.609023536933046,0.02552160945276811,0.07867021079236877,0.05909630648175105,1.634282273467477,0.09999999999999964,10.0,1.0,9.0,19.0,0.04922222222222239,0.14950000000000063,0.10431818181818198
2004-04-30,164.70010082663637,5.666666666666667,75.33333333333333,9.0,15.666666666666666,159.66666666666666,0.9355185064109549,4.086117104355091,3.1505985979441355,0.0,1.5881838550120826,0.11547005383792532,0.5773502691896247,2.0,2.5166114784235836,3.0550504633038926,0.009095684014561761,0.2605538859974725,0.25721138149174494,3.1595068149057113,0.20000000000000018,1.0,4.0,5.0,6.0,0.018020050125313603,0.5210973084886121,0.5142443064182203
2004-07-31,169.9067520717933,5.566666666666666,74.33333333333333,10.666666666666666,15.0,159.33333333333334,1.2078333333333333,4.649134920634921,3.4413015873015875,0.0,2.1312447171781654,0.05773502691896237,3.2145502536643176,2.3094010767585034,1.0,4.163331998932267,0.16308033126175714,0.13112417375068153,0.264567251729746,4.256497219770864,0.09999999999999964,6.0,4.0,2.0,8.0,0.3098333333333332,0.23571428571428488,0.5272380952380957
2004-10-31,174.54547928020483,5.433333333333334,72.33333333333333,12.333333333333334,15.333333333333334,157.0,1.630982683982684,4.168025974025974,2.53704329004329,0.0,0.7808415783695687,0.05773502691896237,0.5773502691896278,1.5275252316519468,1.5275252316519468,1.7320508075688772,0.14222184377789984,0.09919776625078253,0.23967156729061148,1.5127748757791721,0.09999999999999964,1.0,3.0,3.0,3.0,0.2819090909090909,0.18436363636363584,0.4662727272727274
2005-01-31,178.17432350246284,5.366666666666667,75.0,12.666666666666666,12.333333333333334,162.66666666666666,2.1965909090909093,4.215469696969698,2.0188787878787875,0.0,1.6292743020038085,0.05773502691896301,2.6457513110645907,1.5275252316519468,1.5275252316519468,4.041451884327382,0.13249597686079942,0.019179250869412384,0.12042405560370417,3.2330195124871466,0.10000000000000053,5.0,3.0,3.0,7.0,0.26449999999999996,0.03690909090909056,0.2370000000000001
2005-04-30,182.14921343679904,5.266666666666667,74.0,13.0,13.0,161.0,2.686178704336599,4.33464760385813,1.648468899521531,0.0,1.4907256274317293,0.11547005383792565,1.0,1.0,1.7320508075688772,2.6457513110645907,0.1292496074925557,0.1663217050583044,0.10137735316260309,2.981031664716653,0.20000000000000018,2.0,2.0,3.0,5.0,0.24200501253132822,0.33246411483253624,0.19909090909090899
2005-07-31,188.83243683551473,5.033333333333333,79.33333333333333,10.333333333333334,10.333333333333334,169.0,3.009885281385282,4.106655844155845,1.0967705627705628,0.0,2.0450190370886947,0.05773502691896237,4.041451884327382,3.785938897200183,2.0816659994661326,5.196152422706632,0.1897838154952595,0.09539789267660904,0.18127431893003368,4.029628409882065,0.09999999999999964,8.0,7.0,4.0,9.0,0.37407142857142794,0.17931818181818215,0.34085714285714297
2005-10-31,191.61227539936104,4.966666666666667,71.0,9.333333333333334,19.666666666666668,151.33333333333334,3.522131124913734,4.308385438233264,0.7862543133195308,0.0,0.4236664892146182,0.05773502691896237,7.0,1.5275252316519465,5.507570547286101,12.503332889007371,0.15959239562287797,0.13804129117350125,0.03264416074526066,0.8428254747323933,0.09999999999999964,14.0,3.0,11.0,25.0,0.28647619047619033,0.2644523809523811,0.06423913043478269
2006-01-31,195.16939178602686,4.866666666666667,78.0,7.0,15.0,163.0,4.001896825396826,4.472714285714286,0.47081746031746036,0.0,0.6322296214454336,0.15275252316519472,3.605551275463989,1.7320508075688772,2.0,5.5677643628300215,0.2027437592997531,0.05969531482658322,0.2543134641686225,1.2616892298327969,0.2999999999999998,7.0,3.0,4.0,11.0,0.3524999999999996,0.11899999999999977,0.4715000000000001
2006-04-30,195.39413386714386,4.733333333333333,78.66666666666667,6.666666666666667,14.666666666666666,164.0,4.516338672768879,4.761128909229596,0.244790236460717,0.0,0.3518474598384929,0.05773502691896237,0.5773502691896247,0.5773502691896257,1.1547005383792515,1.7320508075688772,0.08533941066037733,0.2132392264893646,0.1287483501363487,0.6965322956265823,0.09999999999999964,1.0,1.0,2.0,3.0,0.17052631578947341,0.4215789473684213,0.2510526315789474
2006-07-31,194.51849308917448,4.633333333333333,73.66666666666667,7.333333333333333,19.0,154.66666666666666,4.817772727272727,5.101287878787879,0.2835151515151515,0.0,0.3698256767916601,0.05773502691896301,2.516611478423583,2.5166114784235836,4.358898943540674,6.658328118479394,0.11776493781475242,0.012078285732085227,0.12967187876810718,0.7187003720948724,0.10000000000000053,5.0,5.0,8.0,12.0,0.23104545454545544,0.022499999999999964,0.2535454545454545
2006-10-31,194.30827389158674,4.533333333333334,74.66666666666667,7.666666666666667,17.666666666666668,157.0,4.894359213250517,4.774856452726017,-0.1195027605244996,0.0,0.8233411972088578,0.15275252316519428,3.2145502536643176,1.5275252316519465,2.081665999466133,5.196152422706632,0.07994071263918413,0.0881879328871051,0.059416908961006466,1.6437297086873741,0.2999999999999998,6.0,3.0,4.0,9.0,0.1549347826086951,0.1575217391304351,0.10418219461697711
2007-01-31,194.14610560341472,4.5,76.0,9.0,15.0,161.0,4.92202380952381,4.6397539682539675,-0.2822698412698413,0.0,0.9320961267388059,0.09999999999999964,3.0,1.0,2.0,5.0,0.06648178019206218,0.10485618142517342,0.06619349656235439,1.8486296189532254,0.1999999999999993,6.0,2.0,4.0,10.0,0.12773809523809554,0.1950238095238097,0.1323809523809525
2007-04-30,190.08656796693955,4.466666666666667,72.66666666666667,10.333333333333334,17.0,155.66666666666666,4.944993544467228,4.660328852434116,-0.284664692033113,0.0,1.6686319749669392,0.05773502691896237,2.516611478423585,2.0816659994661326,1.0,3.2145502536643145,0.0790626700680909,0.08419336196467864,0.10108108426838631,3.3104342296575453,0.09999999999999964,5.0,4.0,2.0,6.0,0.15779448621553893,0.1580861244019136,0.19930735930735952
2007-07-31,186.50659952566403,4.566666666666666,74.0,8.666666666666666,17.333333333333332,156.66666666666666,4.7217027417027415,4.951168831168831,0.22946608946608957,0.0,0.6175980066629728,0.1527525231651946,2.0,1.1547005383792515,1.1547005383792517,3.0550504633038926,0.10567029810961805,0.18408682054141803,0.2425169285298483,1.2297424446486218,0.2999999999999998,4.0,2.0,2.0,6.0,0.21047619047619026,0.3564935064935062,0.4782683982683983
2007-10-31,183.71074170363,4.666666666666667,68.66666666666667,8.666666666666666,22.666666666666668,146.0,3.997796616046044,4.574696276263782,0.576899660217738,1.0,1.8410661188516706,0.05773502691896256,2.081665999466134,1.1547005383792515,3.214550253664318,5.291502622129181,0.17665857180836564,0.08673180461011219,0.08994441131861766,3.6758708250102927,0.10000000000000053,4.0,2.0,6.0,10.0,0.3096338672768879,0.15320366132723073,0.1564302059496569
2008-01-31,176.11346662915648,4.8999999999999995,66.33333333333333,7.0,26.666666666666668,139.66666666666666,3.007277777777778,3.996761904761905,0.9894841269841269,1.0,2.4852938339217534,0.173205080756888,3.2145502536643202,1.0,2.3094010767585034,5.5075705472861065,0.26003345582472276,0.22013273284095497,0.11325713808536078,4.901840134567067,0.2999999999999998,6.0,2.0,4.0,10.0,0.5196666666666667,0.4042142857142861,0.22650000000000003
2008-04-30,168.64533319838563,5.0,56.0,7.666666666666667,36.333333333333336,119.66666666666667,1.5602121212121212,3.640833333333333,2.080621212121212,1.0,2.2025101517507566,0.09999999999999964,3.4641016151377544,0.5773502691896257,3.214550253664317,6.658328118479394,0.48893555392844673,0.1175354556435348,0.4104656706771076,4.353333772527378,0.1999999999999993,6.0,1.0,6.0,12.0,0.8620000000000003,0.22750000000000004,0.7683636363636364
2008-07-31,163.01034214052711,5.6000000000000005,51.333333333333336,6.666666666666667,42.0,109.33333333333333,1.7386363636363635,3.9957503607503604,2.257113997113997,1.0,1.8895265603679146,0.19999999999999984,2.5166114784235822,0.5773502691896257,3.0,5.507570547286104,0.11521654780808999,0.11025089819288761,0.11841678063315583,3.7694271246965343,0.39999999999999947,5.0,1.0,6.0,11.0,0.23028138528138498,0.21952380952380945,0.23562770562770563
2008-10-31,158.68610754271785,6.233333333333333,47.666666666666664,6.666666666666667,45.666666666666664,102.0,1.176911976911977,3.7953318903318896,2.6184199134199133,1.0,1.6212981161131779,0.23094010767585038,5.773502691896256,1.5275252316519465,5.686240703077328,11.357816691600547,0.5249791694697555,0.10107602698129871,0.4912569090283521,3.191849030990511,0.40000000000000036,10.0,3.0,11.0,21.0,1.0473593073593073,0.199523809523809,0.9757359307359303
2009-01-31,154.61219798266478,7.3,48.666666666666664,4.333333333333333,47.0,101.66666666666667,0.11855218855218852,2.820176767676768,2.7016245791245797,1.0,2.9769443112862497,0.5,7.023769168568492,0.5773502691896258,7.0,14.011899704655802,0.07890811424794832,0.6139243634548681,0.5490076802044861,5.846411244640109,1.0,14.0,1.0,14.0,28.0,0.1565656565656566,1.1103030303030303,0.9537373737373742
2009-04-30,147.89597727428935,8.666666666666666,47.333333333333336,7.333333333333333,45.333333333333336,102.0,0.22250702513860407,2.8722294372294375,2.649722412090833,1.0,0.8313680206128108,0.35118845842842444,2.081665999466132,0.5773502691896257,1.5275252316519474,3.605551275463989,0.06927439718412105,0.05383333590069335,0.10454701579088119,1.4706546022698603,0.6999999999999993,4.0,1.0,3.0,7.0,0.1376942355889724,0.10759740259740225,0.19483709273182992
2009-07-31,148.8789347117465,9.466666666666667,54.666666666666664,5.666666666666667,39.666666666666664,115.0,0.1788181818181818,3.5256969696969698,3.346878787878788,0.0,0.8027088312739391,0.05773502691896288,3.0550504633038926,1.1547005383792515,2.3094010767585034,5.291502622129181,0.004192673657309148,0.21673624015411727,0.21576006978469997,1.5323214959957454,0.09999999999999964,6.0,2.0,4.0,10.0,0.007636363636363608,0.42881818181818154,0.42799999999999994
2009-10-31,148.22569476439278,9.799999999999999,56.0,5.666666666666667,38.333333333333336,117.66666666666667,0.12301587301587297,3.458888888888889,3.335873015873016,0.0,1.1494666692761943,0.20000000000000107,2.6457513110645907,1.5275252316519465,1.5275252316519474,4.04145188432738,0.048572206654209776,0.11130063201900822,0.07129564350694081,2.2987573810577544,0.40000000000000036,5.0,3.0,3.0,7.0,0.0971428571428572,0.199523809523809,0.13714285714285745
2010-01-31,144.94528416299326,9.866666666666667,60.0,5.0,35.0,125.0,0.0560765550239234,3.575263157894737,3.5191866028708136,0.0,1.6033682081487528,0.05773502691896237,4.358898943540674,1.7320508075688772,5.5677643628300215,9.848857801796104,0.004918930232943906,0.16575521784778668,0.16114336017308437,3.1393162134475574,0.09999999999999964,8.0,3.0,11.0,19.0,0.009473684210526294,0.33052631578947356,0.3210526315789468
2010-04-30,141.70650761183532,9.866666666666667,65.0,4.666666666666667,30.333333333333332,134.66666666666666,0.14055162610082517,3.755087372581651,3.614535746480827,0.0,0.8686168855328285,0.05773502691896186,1.0,1.1547005383792517,1.5275252316519472,2.309401076758499,0.028002786666406373,0.08149251994534497,0.06068481525077091,1.5267912299479178,0.09999999999999964,2.0,2.0,3.0,4.0,0.05332535885167469,0.15576555023923477,0.10758893280632487
2010-07-31,144.6755848928581,9.466666666666667,62.666666666666664,6.0,31.333333333333332,131.33333333333334,0.14708513708513707,3.2118398268398267,3.0647546897546896,0.0,0.41846766883393544,0.11547005383792475,4.509249752822893,1.0,3.5118845842842465,8.020806277010648,0.020342098361501897,0.2043959083639741,0.20354984607881338,0.7937377759959645,0.1999999999999993,9.0,2.0,7.0,16.0,0.036363636363636404,0.40857142857142836,0.406190476190476
2010-10-31,141.7314974454486,9.466666666666667,56.666666666666664,7.333333333333333,36.0,120.66666666666667,0.14713492063492065,2.628751803751804,2.481616883116883,0.0,1.7451089611407422,0.05773502691896237,1.5275252316519456,2.886751345948129,2.0,2.081665999466134,0.011051065075575779,0.08098366276787981,0.0701389072460096,3.4873946099910427,0.09999999999999964,3.0,5.0,4.0,4.0,0.02049999999999999,0.15863636363636413,0.1381363636363635
2011-01-31,137.02854712504754,9.4,63.0,6.333333333333333,30.666666666666668,132.33333333333334,0.1453030303030303,3.1493030303030305,3.004,0.0,1.809499389869722,0.3605551275463994,4.0,1.5275252316519468,3.214550253664318,7.094598884597591,0.005893218776543885,0.3384958748644886,0.33572012152982433,3.589548729866465,0.7000000000000011,8.0,3.0,6.0,14.0,0.011090909090909096,0.6310000000000002,0.6219999999999999
2011-04-30,132.50559704030758,9.033333333333333,63.0,7.0,30.0,133.0,0.0970133485888634,3.4818878718535466,3.3848745232646835,0.0,0.6255986617122317,0.05773502691896237,1.0,2.0,1.0,0.0,0.03692171920698961,0.0842651976234593,0.06592209258239251,1.2372542471381394,0.09999999999999964,2.0,4.0,2.0,0.0,0.0736052631578948,0.16196796338672792,0.1302974828375283
2011-07-31,134.20060509271522,9.033333333333333,58.666666666666664,7.0,34.333333333333336,124.33333333333333,0.03857503607503603,3.057948051948052,3.019373015873016,0.0,0.8512407819569935,0.057735026918962117,3.214550253664317,1.0,3.214550253664317,6.350852961085882,0.0020619747143257876,0.09580334452968277,0.09374414670565946,1.585604862725802,0.09999999999999964,6.0,2.0,6.0,11.0,0.0036796536796536994,0.16629870129870206,0.16261904761904766
2011-10-31,132.30197756247932,8.933333333333334,53.333333333333336,6.666666666666667,40.0,113.33333333333333,0.019052449965493434,2.1434271911663214,2.1243747412008283,0.0,1.5620844545107817,0.11547005383792475,2.081665999466132,2.081665999466133,3.0,4.725815626252609,0.0052693469208048935,0.1640707532534396,0.15880930844312083,3.1180007317037735,0.1999999999999993,4.0,4.0,6.0,9.0,0.010538302277432701,0.3278053830227743,0.3172670807453415
2012-01-31,128.02458345093962,8.466666666666667,58.666666666666664,8.666666666666666,32.666666666666664,126.0,0.019976190476190467,1.986031746031746,1.9660555555555554,0.0,1.3073339180712067,0.1527525231651945,3.214550253664319,2.3094010767585034,2.5166114784235822,5.291502622129181,0.01264352971038607,0.024484507727738702,0.0337541492648325,2.604303222850021,0.29999999999999893,6.0,4.0,5.0,10.0,0.023071428571428604,0.04700000000000015,0.06750000000000012
2012-04-30,127.15310713600002,8.233333333333333,60.0,6.333333333333333,33.666666666666664,126.33333333333333,0.0866334776334776,2.064361471861472,1.977727994227994,0.0,1.4647835344000495,0.05773502691896327,1.0,0.5773502691896257,0.5773502691896263,1.5275252316519463,0.004649673768334069,0.10309617139907985,0.10683299612473271,2.83962505209513,0.10000000000000142,2.0,1.0,1.0,3.0,0.008190476190476192,0.20522727272727237,0.2131363636363639
2012-07-31,133.19365803762355,8.2,59.666666666666664,9.666666666666666,30.666666666666668,129.0,0.09270562770562767,1.6507431457431458,1.558037518037518,0.0,1.7309532264783942,0.0,3.5118845842842465,3.5118845842842465,0.5773502691896263,3.605551275463989,0.0039564233984536535,0.14042246174881595,0.14397982268109732,3.421445006481605,0.0,7.0,7.0,1.0,7.0,0.007597402597402603,0.2765151515151516,0.284112554112554
2012-10-31,133.6848806820821,7.8999999999999995,63.333333333333336,6.333333333333333,30.333333333333332,133.0,0.10421125276960513,1.7158697468308455,1.6116584940612402,0.0,0.6373295303315379,0.17320508075688731,2.516611478423584,0.5773502691896257,3.0550504633038935,5.5677643628300215,0.0014103033935170249,0.03454628328764698,0.033328691251632105,1.2248840842478899,0.2999999999999998,5.0,1.0,6.0,11.0,0.0026544622425628966,0.0679296066252586,0.06577639751552833
2013-01-31,133.99213548265215,7.866666666666667,64.0,7.333333333333333,28.666666666666668,135.33333333333334,0.0792619047619047,1.7625873015873017,1.6833253968253967,0.0,0.16429889984252938,0.15275252316519428,1.0,2.0816659994661326,1.5275252316519463,1.5275252316519474,0.01251536470669145,0.13573533949753455,0.14310954356298464,0.2927918961462126,0.2999999999999998,2.0,4.0,3.0,3.0,0.023500000000000104,0.260761904761905,0.2799761904761906
2013-04-30,136.24237847618758,7.6000000000000005,66.33333333333333,6.333333333333333,27.333333333333332,139.0,0.08198245614035087,1.9002671451355664,1.8182846889952151,0.0,2.575783693212846,0.09999999999999987,2.081665999466131,2.5166114784235836,0.5773502691896255,1.7320508075688772,0.019952598490395386,0.12298947219912432,0.10348843212486791,5.13630420783511,0.20000000000000018,4.0,5.0,1.0,3.0,0.038947368421052606,0.2251196172248804,0.18617224880382777
2013-07-31,143.22864944281847,7.433333333333334,69.66666666666667,7.0,23.333333333333332,146.33333333333334,0.0433484848484848,2.270151515151515,2.22680303030303,0.0,1.8350595126569542,0.11547005383792538,2.516611478423582,2.0,0.5773502691896255,3.0550504633038904,0.007550153702848674,0.3280654330688552,0.33194611585195755,3.66397880214663,0.20000000000000018,5.0,4.0,1.0,6.0,0.015045454545454605,0.6540909090909091,0.662727272727273
2013-10-31,145.98392497426696,7.2,66.0,9.0,25.0,141.0,0.0356363636363636,2.7208939393939393,2.6852575757575754,0.0,0.18358009602126035,0.0,1.7320508075688772,1.0,2.6457513110645907,4.358898943540674,0.017102510569170653,0.09782923152077269,0.11266573039042402,0.35145277763049876,0.0,3.0,2.0,5.0,8.0,0.0312727272727272,0.19359090909090915,0.2248636363636365
2014-01-31,146.116035565746,6.733333333333333,69.33333333333333,7.666666666666667,23.0,146.33333333333334,0.05929824561403504,2.8261403508771927,2.766842105263158,0.0,0.2842167049839018,0.15275252316519525,5.033222956847167,0.5773502691896258,5.0,10.016652800877813,0.013839648015279368,0.09582486110086452,0.10125137408830145,0.5206367117063451,0.3000000000000007,10.0,1.0,10.0,20.0,0.024561403508771902,0.18348370927318314,0.18471177944862216
2014-04-30,146.26207264534926,6.533333333333334,69.66666666666667,8.0,22.333333333333332,147.33333333333334,0.045321637426900534,2.7126817042606515,2.6673600668337514,0.0,0.7373054242069885,0.28867513459481275,0.5773502691896278,0.0,0.5773502691896263,1.1547005383792557,0.012444772080751083,0.009464563112597578,0.009260043978196592,1.387113610192074,0.5,1.0,0.0,1.0,2.0,0.021679197994987496,0.018095238095237942,0.017443609022556483
2014-07-31,149.15461544867304,6.2,66.66666666666667,9.333333333333334,24.0,142.66666666666666,0.03148629148629143,2.5666305916305916,2.5351443001443,0.0,0.9927619975884077,0.09999999999999987,2.081665999466131,1.5275252316519468,1.0,2.886751345948133,0.004739090039978831,0.028905225252118034,0.02459537756297021,1.9818453354138228,0.20000000000000018,4.0,3.0,2.0,5.0,0.009350649350649397,0.05629870129870129,0.04694805194805163
2014-10-31,150.47153425251042,5.8999999999999995,69.0,8.666666666666666,22.333333333333332,146.66666666666666,0.0232251082251082,2.4194588744588743,2.3962337662337663,0.0,0.15493933783883082,0.19999999999999984,1.0,2.081665999466133,1.5275252316519463,1.5275252316519474,0.008491940891225788,0.11509835662296397,0.11377920521437165,0.29936324583374585,0.39999999999999947,2.0,4.0,3.0,3.0,0.016038961038961,0.23019480519480506,0.22701298701298755
2015-01-31,151.647890696283,5.7,76.66666666666667,6.0,17.333333333333332,159.33333333333334,0.026085858585858535,2.1381094276094275,2.112023569023569,0.0,0.6094831230311866,0.09999999999999987,2.081665999466131,2.0,0.5773502691896255,2.309401076758499,0.003908924512941212,0.22996522698046104,0.23212644945198174,1.2157625313673464,0.20000000000000018,4.0,4.0,1.0,4.0,0.007424242424242399,0.44405555555555587,0.4498888888888888
2015-04-30,152.66737306142065,5.433333333333334,75.66666666666667,5.0,19.333333333333332,156.33333333333334,0.02293460925039867,1.9843301435406697,1.9613955342902711,0.0,0.9456538195352856,0.05773502691896237,1.1547005383792495,1.0,0.5773502691896255,1.5275252316519428,0.0049209272170096996,0.05443297708045829,0.05170865625403585,1.807197227604945,0.09999999999999964,2.0,2.0,1.0,3.0,0.009832535885167502,0.10772727272727245,0.10318181818181849
2015-07-31,155.54483212155665,5.366666666666667,75.66666666666667,6.666666666666667,17.666666666666668,158.0,0.021257575757575736,2.295227272727273,2.273969696969697,0.0,0.9098166426248857,0.20816659994661268,3.2145502536643176,0.5773502691896257,3.785938897200183,7.0,0.009568838601225739,0.08686189998740271,0.08530379998576307,1.8195414303114603,0.39999999999999947,6.0,1.0,7.0,13.0,0.017272727272727204,0.16613636363636441,0.16763636363636403
2015-10-31,157.3365622966146,5.033333333333333,72.66666666666667,7.0,20.333333333333332,152.33333333333334,0.03650793650793647,2.1366666666666667,2.1001587301587303,0.0,0.2252974348451127,0.05773502691896237,1.1547005383792495,1.0,0.5773502691896255,1.5275252316519428,0.03086189459788277,0.057805679639975426,0.048046494236995044,0.42365475633090455,0.09999999999999964,2.0,2.0,1.0,3.0,0.0566666666666667,0.1028571428571432,0.09571428571428564
2016-01-31,158.16055855001653,4.966666666666666,79.33333333333333,5.666666666666667,15.0,164.33333333333334,0.20257575757575752,2.197049441786284,1.9944736842105264,0.0,0.2637703617773121,0.15275252316519472,2.88675134594813,2.081665999466133,1.0,3.785938897200181,0.06880209890843465,0.09734722660988164,0.1552317095715617,0.5206872000247813,0.2999999999999998,5.0,4.0,2.0,7.0,0.1305263157894737,0.17789473684210533,0.30842105263157915
2016-04-30,158.85468219911024,5.0,75.0,7.333333333333333,17.666666666666668,157.33333333333334,0.2782287157287157,1.824609668109668,1.5463809523809522,0.0,0.7362620025309887,0.09999999999999964,2.0,2.081665999466133,0.5773502691896263,2.0816659994661317,0.04438184135144227,0.05730606613162296,0.06932330840659115,1.450914534234073,0.1999999999999993,4.0,4.0,1.0,4.0,0.0844047619047619,0.10959090909090863,0.12799999999999967
2016-07-31,161.64820279899695,4.833333333333333,78.33333333333333,6.0,15.666666666666666,162.66666666666666,0.28044372294372294,1.6514271284271285,1.3709834054834056,0.0,1.0611499503031236,0.05773502691896295,0.5773502691896247,0.0,0.5773502691896258,1.1547005383792495,0.014960112160897846,0.1512287540802623,0.16273162235015684,2.111402252185144,0.10000000000000053,1.0,0.0,1.0,2.0,0.0279545454545454,0.3021904761904759,0.3254047619047622
2016-10-31,163.0503308845736,4.933333333333334,76.33333333333333,5.333333333333333,18.333333333333332,158.0,0.3052653554175293,1.6504993098688752,1.3452339544513456,0.0,0.1332725502309108,0.05773502691896237,0.5773502691896247,0.5773502691896257,0.5773502691896263,1.0,0.01859322820014791,0.10542501236064664,0.08962071344611172,0.26654382357031636,0.09999999999999964,1.0,1.0,1.0,2.0,0.03459523809523812,0.20797826086956506,0.17886956521739106
2017-01-31,163.1876052035179,4.7,79.0,5.666666666666667,15.333333333333334,163.66666666666666,0.4875793650793651,2.355468253968254,1.8678888888888887,0.0,0.39125142029371085,0.0,1.0,0.5773502691896258,0.5773502691896258,1.5275252316519499,0.036144647779638654,0.18723982755661647,0.15243808700705447,0.7224042359161444,0.0,2.0,1.0,1.0,3.0,0.06550000000000006,0.3499047619047615,0.2906666666666662
2017-04-30,163.7669961796802,4.466666666666667,78.33333333333333,6.333333333333333,15.333333333333334,163.0,0.6856216628527841,2.3993516399694887,1.7137299771167047,0.0,1.2267662134436454,0.11547005383792475,1.5275252316519485,0.5773502691896257,1.1547005383792517,2.6457513110645907,0.14575109634133573,0.09373438029709251,0.20122832852060044,2.4530713106704525,0.1999999999999993,3.0,1.0,2.0,5.0,0.2773684210526315,0.18437070938215117,0.3989473684210527
2017-07-31,167.9255108322144,4.333333333333333,77.66666666666667,7.333333333333333,15.0,162.66666666666666,0.9796060606060606,2.269484848484849,1.2898787878787878,0.0,1.2899813574525714,0.05773502691896256,1.5275252316519463,1.5275252316519465,0.0,1.5275252316519474,0.0889956045591803,0.07195075986902451,0.11048279972834087,2.578426507167535,0.10000000000000053,3.0,3.0,0.0,3.0,0.1779090909090909,0.13118181818181807,0.21045454545454545
2017-10-31,169.20786956588643,4.3,78.33333333333333,6.0,15.666666666666666,162.66666666666666,1.0395365769496205,2.25704347826087,1.217506901311249,0.0,0.24722662239942447,0.09999999999999976,2.516611478423585,0.0,2.516611478423583,5.03322295684717,0.031432704038706995,0.08923421317808741,0.05970564994737021,0.48139568159854207,0.20000000000000018,5.0,0.0,5.0,10.0,0.0604140786749483,0.15800000000000036,0.11273809523809497
2018-01-31,169.6529501800245,4.1000000000000005,80.0,5.333333333333333,14.666666666666666,165.33333333333334,1.3216190476190477,2.4465476190476187,1.1249285714285715,0.0,0.3507722570079264,0.10000000000000053,2.6457513110645907,1.1547005383792517,2.081665999466133,4.61880215351701,0.09190535405681406,0.12138765650562422,0.044998532351980244,0.6925069362412444,0.20000000000000018,5.0,2.0,4.0,8.0,0.18380952380952342,0.23047619047619072,0.08997619047619088
2018-04-30,170.30385967268668,4.033333333333333,81.33333333333333,5.333333333333333,13.333333333333334,168.0,1.6740601503759398,2.856791979949874,1.1827318295739349,0.0,1.0573083608844998,0.05773502691896237,2.516611478423582,1.5275252316519468,2.0816659994661326,4.358898943540674,0.09686134140640745,0.013463359624330432,0.09536207139779011,2.1145809038024765,0.09999999999999964,5.0,3.0,4.0,8.0,0.18972431077694218,0.026666666666667282,0.1796240601503758
2018-07-31,173.18806665997485,3.8666666666666667,78.66666666666667,6.0,15.333333333333334,163.33333333333334,1.9067604617604619,2.9263852813852815,1.0196248196248197,0.0,0.9222660692587572,0.11547005383792529,1.5275252316519463,0.0,1.5275252316519468,3.0550504633038926,0.04700300220305507,0.045968588920391566,0.09102901112722431,1.8353435047508242,0.20000000000000018,3.0,0.0,3.0,6.0,0.09305194805194827,0.08867965367965391,0.18173160173160152
2018-10-31,174.0664194989778,3.766666666666667,76.66666666666667,7.0,16.333333333333332,160.33333333333334,2.1364399140142845,3.015204562790375,0.8787646487760905,0.0,0.23852873755767295,0.05773502691896237,2.309401076758502,1.0,3.214550253664318,5.5075705472861,0.10794559687958029,0.1319151930322741,0.0239940434587569,0.4695170498405332,0.09999999999999964,4.0,2.0,6.0,10.0,0.21517786561264796,0.2631422924901181,0.04796442687747027
2019-01-31,174.06610642533101,3.9,77.66666666666667,6.333333333333333,16.0,161.66666666666666,2.3555250626566413,2.8878137009189637,0.5322886382623225,0.0,0.38250870658381037,0.1000000000000002,4.041451884327382,1.1547005383792517,3.0,7.0237691685684895,0.02549288572829963,0.207182141995013,0.23250229591406696,0.7432841930475433,0.20000000000000018,8.0,2.0,6.0,14.0,0.04778571428571432,0.4031904761904759,0.4509761904761905
2019-04-30,173.44311216786795,3.733333333333333,75.0,7.666666666666667,17.333333333333332,157.66666666666666,2.391219715956558,2.5932163742690055,0.20199665831244773,0.0,0.44416085879765876,0.11547005383792507,1.0,1.5275252316519465,1.154700538379251,1.5275252316519499,0.010058288715553905,0.07450552584224804,0.07499708573778863,0.8359294060057891,0.19999999999999973,2.0,3.0,2.0,3.0,0.01952380952380972,0.14393483709273225,0.13837092731829592
2019-07-31,175.7494272503939,3.6333333333333333,75.0,5.666666666666667,19.333333333333332,155.66666666666666,2.207287878787879,2.176030303030303,-0.031257575757575734,0.0,0.6992446815249101,0.05773502691896269,3.0,1.5275252316519465,1.5275252316519465,4.509249752822894,0.13097922942186246,0.1897797839370267,0.06975660656726083,1.3446297149459667,0.10000000000000009,6.0,3.0,3.0,9.0,0.2540909090909089,0.33590909090909093,0.1387727272727273
2019-10-31,176.52509542089464,3.6,72.33333333333333,7.333333333333333,20.333333333333332,152.0,1.830287878787879,1.677560606060606,-0.15272727272727268,0.0,0.18326685635338094,0.10000000000000009,4.041451884327382,2.309401076758503,3.5118845842842457,7.211102550927978,0.16125553570697443,0.04448860782150091,0.19505720712033886,0.3239172318995145,0.20000000000000018,7.0,4.0,7.0,14.0,0.30272727272727296,0.08045454545454533,0.3831818181818181
2020-01-31,176.51855895969166,3.5666666666666664,78.0,5.0,17.0,161.0,1.5332414369256473,1.8108604845446952,0.2776190476190476,1.0,0.2807539101408623,0.05773502691896269,2.6457513110645907,1.0,1.7320508075688772,4.358898943540674,0.010012596677128885,0.05263008909058085,0.04665937746765311,0.5613457682282785,0.10000000000000009,5.0,2.0,3.0,8.0,0.019724310776942477,0.10523809523809469,0.0923809523809524
2020-04-30,179.27888644817895,7.533333333333334,61.333333333333336,5.333333333333333,33.333333333333336,128.0,0.6465740107845371,1.0106098579782792,0.36403584719374193,0.0,2.303056289392867,6.22280751215505,17.95364401266031,1.5275252316519465,19.295940851208403,37.242448899072144,0.7559507293544692,0.44046297468798434,0.3264140470012227,4.5600555110399625,11.2,34.0,3.0,37.0,71.0,1.3771679197994988,0.846591478696742,0.5946889952153109
2020-07-31,182.39972531505327,11.466666666666667,52.333333333333336,4.0,43.666666666666664,108.66666666666667,0.13795454545454544,0.6754242424242425,0.5374696969696969,0.0,0.9669882862941367,1.553490693030806,2.3094010767585034,1.0,3.214550253664319,5.507570547286103,0.018701383251973347,0.052514487047502036,0.036972916526476884,1.9339385478013185,3.0,4.0,2.0,6.0,10.0,0.03272727272727269,0.10499999999999998,0.07227272727272727
2020-10-31,189.0204998255514,7.733333333333334,52.0,5.666666666666667,42.333333333333336,109.66666666666667,0.10444444444444438,0.7055555555555556,0.601111111111111,0.0,3.04484509997132,0.7637626158259733,1.7320508075688772,1.5275252316519465,2.5166114784235836,4.041451884327381,0.004049952641959708,0.07218226698727688,0.0751601967641557,6.060101437520444,1.5,3.0,3.0,5.0,8.0,0.0080952380952381,0.13714285714285712,0.14095238095238094
2021-01-31,193.73585000218364,6.6000000000000005,55.333333333333336,5.333333333333333,39.333333333333336,116.0,0.08733652312599673,0.9615629984051036,0.8742264752791069,0.0,0.8786448202173006,0.17320508075688776,1.5275252316519468,0.5773502691896257,1.154700538379251,2.6457513110645907,0.0036846247618159095,0.1082623019394547,0.11184450099353939,1.7491935544421153,0.2999999999999998,3.0,1.0,2.0,5.0,0.007368421052631607,0.21105263157894716,0.21842105263157885
2021-04-30,200.9276968949555,6.066666666666666,58.0,6.333333333333333,35.666666666666664,122.33333333333333,0.03161500589418207,1.5012547673531653,1.4696397614589831,0.0,4.403648731802373,0.11547005383792494,3.605551275463989,1.5275252316519468,4.618802153517006,8.144527815247079,0.010864575600074387,0.2111010369667985,0.22097193979665244,8.796311317805959,0.20000000000000018,7.0,3.0,8.0,15.0,0.0217224880382775,0.37710526315789483,0.3988277511961722
2021-07-31,213.12365813593578,5.7,51.0,6.333333333333333,42.666666666666664,108.33333333333333,0.0354300144300144,1.486220779220779,1.4507907647907647,0.0,3.0081799101950586,0.26457513110645886,3.4641016151377544,1.5275252316519468,2.0816659994661335,5.5075705472861,0.017195482178756452,0.1538703814330133,0.17072506871293439,5.962629267542468,0.5,6.0,3.0,4.0,10.0,0.034380952380952304,0.30242857142857127,0.3368095238095241
2021-10-31,,4.833333333333333,42.0,5.666666666666667,52.333333333333336,89.66666666666667,0.04948340548340546,1.4134812409812412,1.3639978354978355,0.0,,0.32145502536643195,2.6457513110645907,2.081665999466133,2.309401076758502,4.509249752822896,0.0066855600797412805,0.1533695984857659,0.1533222775505112,,0.6000000000000005,5.0,4.0,4.0,9.0,0.012640692640692598,0.2993181818181818,0.30186363636363645
